"CANADIAN DOLLAR - CHICAGO MERCANTILE EXCHANGE",251223,2025-12-23,090741,CME ,00,090 ,  197138,   76428,   22944,      22,   60736,   67099,    5213,   13824,   71543,     794,   12621,     626,       0,  169638,  168241,   27500,   28897,  -47289,  -34043,   10912,  -28541,   15081,   -5408,     -40,    2751,  -16548,   -5054,     521,    -445,       0,  -49325,  -45124,    2036,   -2165,  100.0,   38.8,   11.6,    0.0,   30.8,   34.0,    2.6,    7.0,   36.3,    0.4,    6.4,    0.3,    0.0,   86.1,   85.3,   13.9,   14.7,    118,      8,      7,.,     20,     18,      6,     16,     36,      9,     12,.,      0,     65,     69,    50.4,    27.0,    60.7,    42.0,    50.4,    27.0,    59.3,    42.0,"(CONTRACTS OF CAD 100,000)","090741","CME ","090 ","F10","FutOnly"
"SWISS FRANC - CHICAGO MERCANTILE EXCHANGE",251223,2025-12-23,092741,CME ,00,092 ,   88305,   58161,    5012,       0,    5099,   54947,    1087,    7403,   11283,      61,    1000,    1054,       0,   72811,   73444,   15494,   14861,  -15131,    2452,    -403,       0,    -649,    3785,      63,     418,     -51,      15,    -400,     586,       0,    1899,    3995,  -17030,  -19126,  100.0,   65.9,    5.7,    0.0,    5.8,   62.2,    1.2,    8.4,   12.8,    0.1,    1.1,    1.2,    0.0,   82.5,   83.2,   17.5,   16.8,     42,      6,.,      0,.,     12,.,      9,      8,.,.,.,      0,     22,     25,    66.4,    55.4,    74.5,    71.4,    66.4,    55.3,    74.5,    70.2,"(CONTRACTS OF CHF 125,000)","092741","CME ","092 ","F10","FutOnly"
"BRITISH POUND - CHICAGO MERCANTILE EXCHANGE",251223,2025-12-23,096742,CME ,00,096 ,  198132,   68609,    5322,     359,   41266,  121060,    4225,   52895,   34060,    2222,     556,     427,       0,  170132,  167675,   28000,   30457,  -83899,   -5465,    1623,     355,    2223,    -624,       0,    1886,   -2401,   -1114,       0,    -500,       0,   -2115,   -2661,  -81784,  -81238,  100.0,   34.6,    2.7,    0.2,   20.8,   61.1,    2.1,   26.7,   17.2,    1.1,    0.3,    0.2,    0.0,   85.9,   84.6,   14.1,   15.4,    105,      8,      4,.,     12,     32,      8,     22,     25,      7,.,.,      0,     53,     69,    37.1,    38.9,    56.1,    47.7,    36.4,    38.9,    55.3,    47.4,"(CONTRACTS OF GBP 62,500)","096742","CME ","096 ","F10","FutOnly"
"JAPANESE YEN - CHICAGO MERCANTILE EXCHANGE",251223,2025-12-23,097741,CME ,00,097 ,  285084,    8792,   62550,    1466,  102008,   53660,    7383,   33828,  111984,    2932,   80583,    1698,    7123,  244115,  248796,   40969,   36288,  -94595,     952,   -2041,     -10,   -6972,    3425,    -447,   -6275,  -10759,     763,    6094,     169,    -228,   -6123,   -9128,  -88472,  -85467,  100.0,    3.1,   21.9,    0.5,   35.8,   18.8,    2.6,   11.9,   39.3,    1.0,   28.3,    0.6,    2.5,   85.6,   87.3,   14.4,   12.7,    155,      6,     16,      4,     27,     20,     12,     25,     43,     12,     14,.,.,     88,     97,    35.0,    33.8,    50.0,    45.5,    35.0,    33.4,    49.4,    44.9,"(CONTRACTS OF JPY 12,500,000)","097741","CME ","097 ","F10","FutOnly"
"EURO FX - CHICAGO MERCANTILE EXCHANGE",251223,2025-12-23,099741,CME ,00,099 ,  866951,   40444,  544642,    4301,  536849,  146452,   32620,  120823,   64716,   13567,   22591,   14484,    3513,  774708,  824295,   92243,   42656, -120035,    3608,   23952,     -25,   19082,    3479,     226,    3886,    -920,     200,    1692,     190,     -26,   28643,   27076, -148678, -147111,  100.0,    4.7,   62.8,    0.5,   61.9,   16.9,    3.8,   13.9,    7.5,    1.6,    2.6,    1.7,    0.4,   89.4,   95.1,   10.6,    4.9,    320,     15,     14,      8,    125,     36,     42,     59,     32,     23,     27,     12,.,    251,    145,    16.6,    54.5,    26.5,    69.8,    15.9,    54.5,    25.5,    69.7,"(CONTRACTS OF EUR 125,000)","099741","CME ","099 ","F10","FutOnly"
"AUSTRALIAN DOLLAR - CHICAGO MERCANTILE EXCHANGE",251223,2025-12-23,232741,CME ,00,232 ,  217163,   41941,   67798,     157,   55606,   95945,    5276,   66955,   25473,    2835,    7488,     600,       0,  180258,  198084,   36905,   19079,  -76633,     -15,      74,     -17,    2887,    2363,     646,    2041,      36,   -1591,      58,       0,       0,    4009,    1511,  -80642,  -78144,  100.0,   19.3,   31.2,    0.1,   25.6,   44.2,    2.4,   30.8,   11.7,    1.3,    3.4,    0.3,    0.0,   83.0,   91.2,   17.0,    8.8,    109,      7,      7,.,     25,     11,      9,     35,     14,      9,      9,.,      0,     84,     45,    35.0,    62.1,    44.6,    73.3,    35.0,    61.9,    44.6,    71.8,"(CONTRACTS OF AUD 100,000)","232741","CME ","232 ","F10","FutOnly"
"EURO FX/BRITISH POUND XRATE - CHICAGO MERCANTILE EXCHANGE",251223,2025-12-23,299741,CME ,00,099 ,   40488,       0,   28822,       0,   19900,       0,    1085,    3412,    7165,       0,       0,       0,       0,   24397,   37072,   16091,    3416,   -5315,       0,     855,       0,    -490,       0,    -159,    -295,   -1257,       0,       0,       0,       0,    -944,    -561,   -4371,   -4754,  100.0,    0.0,   71.2,    0.0,   49.2,    0.0,    2.7,    8.4,   17.7,    0.0,    0.0,    0.0,    0.0,   60.3,   91.6,   39.7,    8.4,     25,      0,.,      0,     15,      0,      4,.,      4,      0,      0,      0,      0,     18,     11,    23.4,    79.5,    39.0,    91.0,    23.0,    79.5,    38.0,    88.9,"(CONTRACTS OF EUR 125,000)","299741","CME ","099 ","F10","FutOnly"
"EURO FX/JAPANESE YEN XRATE - CHICAGO MERCANTILE EXCHANGE",251223,2025-12-23,399741,CME ,00,099 ,   17767,    1357,    1842,       0,    4566,   11012,     141,    1826,       0,       0,       0,     448,       0,    7890,   13443,    9877,    4324,   -2281,    -367,    -125,   -1009,    -367,    -381,       0,    -790,   -1033,    -202,       0,     448,       0,   -2735,   -2302,     454,      21,  100.0,    7.6,   10.4,    0.0,   25.7,   62.0,    0.8,   10.3,    0.0,    0.0,    0.0,    2.5,    0.0,   44.4,   75.7,   55.6,   24.3,     22,.,.,      0,      6,      9,      4,.,      0,      0,      0,.,      0,     13,     13,    26.2,    41.3,    38.9,    63.4,    26.2,    40.6,    38.9,    62.6,"(CONTRACTS OF EUR 125,000)","399741","CME ","099 ","F10","FutOnly"
"MEXICAN PESO - CHICAGO MERCANTILE EXCHANGE",251223,2025-12-23,095741,CME ,00,095 ,  255477,    6366,   89468,     105,  105196,   23975,    6216,  120475,   64964,     408,    9424,   67931,       0,  248190,  253067,    7287,    2410, -110118,   -1761,   13860,     100,    6741,    -379,     -26,    1057,   -6613,    -160,     885,     304,       0,    6836,    7086, -116954, -117204,  100.0,    2.5,   35.0,    0.0,   41.2,    9.4,    2.4,   47.2,   25.4,    0.2,    3.7,   26.6,    0.0,   97.1,   99.1,    2.9,    0.9,    196,      7,     10,.,     34,     10,      4,     83,     26,      7,     20,      6,      0,    150,     59,    27.4,    63.4,    44.6,    79.1,    27.4,    63.4,    44.6,    78.4,"(CONTRACTS OF MXN 500,000)","095741","CME ","095 ","F15","FutOnly"
"BRAZILIAN REAL - CHICAGO MERCANTILE EXCHANGE",251223,2025-12-23,102741,CME ,00,102 ,  113899,   10212,   65390,   14102,   42195,     853,     444,   23770,   14566,   14306,    5224,    2650,     113,  110366,  112424,    3533,    1475,   23370,    4778,   -1911,   13893,  -12415,   -1174,      40,    3143,   -1092,   13937,     240,    -853,     113,   23729,   22953,    -359,     417,  100.0,    9.0,   57.4,   12.4,   37.0,    0.7,    0.4,   20.9,   12.8,   12.6,    4.6,    2.3,    0.1,   96.9,   98.7,    3.1,    1.3,     94,      7,      6,.,     18,      6,.,     30,     10,      7,     12,      4,.,     77,     30,    43.3,    71.8,    62.6,    91.4,    31.0,    60.3,    43.4,    69.8,"(CONTRACTS OF BRL 100,000)","102741","CME ","102 ","F15","FutOnly"
"NZ DOLLAR - CHICAGO MERCANTILE EXCHANGE",251223,2025-12-23,112741,CME ,00,112 ,   82159,   54162,    2663,       0,    7073,   48301,    3479,   11570,   21914,     608,    1828,     864,       0,   78720,   77829,    3439,    4330,  -21815,   -1841,    2127,       0,    1126,   -1310,     444,     962,    -700,    -133,    -148,     306,       0,     410,     734,  -22225,  -22549,  100.0,   65.9,    3.2,    0.0,    8.6,   58.8,    4.2,   14.1,   26.7,    0.7,    2.2,    1.1,    0.0,   95.8,   94.7,    4.2,    5.3,     95,      7,      5,      0,     10,     18,      6,     16,     33,      7,.,.,      0,     45,     63,    62.9,    54.9,    79.3,    66.8,    62.9,    51.0,    78.2,    62.8,"(CONTRACTS OF NZD 100,000)","112741","CME ","112 ","F15","FutOnly"
"SO AFRICAN RAND - CHICAGO MERCANTILE EXCHANGE",251223,2025-12-23,122741,CME ,00,122 ,   25123,    1120,   11967,       0,   11688,       0,       0,    8905,   10751,     585,     550,     490,       0,   22848,   23793,    2275,    1330,    -984,     173,    1590,       0,     360,    -148,       0,    1120,     229,       0,       0,    -100,       0,    1653,    1571,   -2637,   -2555,  100.0,    4.5,   47.6,    0.0,   46.5,    0.0,    0.0,   35.4,   42.8,    2.3,    2.2,    2.0,    0.0,   90.9,   94.7,    9.1,    5.3,     55,.,      4,      0,     14,      0,      0,     21,     10,.,.,.,      0,     39,     17,    40.0,    61.9,    54.3,    81.3,    40.0,    61.9,    54.3,    81.3,"(CONTRACTS OF ZAR 500,000)","122741","CME ","122 ","F15","FutOnly"
"DJIA Consolidated - CHICAGO BOARD OF TRADE",251223,2025-12-23,12460+,CBT ,00,124 ,   61462,   21624,   25328,     526,   15919,    6916,     896,    8937,   18439,     371,     235,       0,       0,   48508,   52476,   12954,    8986,  -28787,  -15996,   -9600,   -3751,   -3972,   -1053,    -405,   -1077,  -10056,   -3179,      14,       0,       0,  -28366,  -28044,    -421,    -743,  100.0,   35.2,   41.2,    0.9,   25.9,   11.3,    1.5,   14.5,   30.0,    0.6,    0.4,    0.0,    0.0,   78.9,   85.4,   21.1,   14.6,     67,      7,      7,.,     14,      7,.,     18,     13,      5,.,      0,      0,     43,     35,    42.1,    38.6,    53.4,    59.8,    42.1,    38.6,    52.6,    58.9,"($5 X DJIA INDEX)","12460+","CBT ","124 ","F20","FutOnly"
"DJIA x $5 - CHICAGO BOARD OF TRADE",251223,2025-12-23,124603,CBT ,00,124 ,   61462,   21624,   25328,     526,   15919,    6916,     896,    8937,   18439,     371,     235,       0,       0,   48508,   52476,   12954,    8986,  -28787,  -15996,   -9600,   -3751,   -3972,   -1053,    -405,   -1077,  -10056,   -3179,      14,       0,       0,  -28366,  -28044,    -421,    -743,  100.0,   35.2,   41.2,    0.9,   25.9,   11.3,    1.5,   14.5,   30.0,    0.6,    0.4,    0.0,    0.0,   78.9,   85.4,   21.1,   14.6,     67,      7,      7,.,     14,      7,.,     18,     13,      5,.,      0,      0,     43,     35,    42.1,    38.6,    53.4,    59.8,    42.1,    38.6,    52.6,    58.9,"($5 X DJIA INDEX)","124603","CBT ","124 ","F20","FutOnly"
"DOW JONES U.S. REAL ESTATE IDX - CHICAGO BOARD OF TRADE",251223,2025-12-23,124606,CBT ,00,124 ,   53223,    8805,   27838,       0,   34954,    9610,    3177,    3255,   11584,       0,       0,       0,       0,   50191,   52209,    3032,    1014,  -31990,   -6907,  -16561,  -12364,    -347,     472,    -189,   -9079,    -399,    -300,       0,       0,       0,  -29186,  -29341,   -2804,   -2649,  100.0,   16.5,   52.3,    0.0,   65.7,   18.1,    6.0,    6.1,   21.8,    0.0,    0.0,    0.0,    0.0,   94.3,   98.1,    5.7,    1.9,     45,      6,      6,      0,     24,      4,.,.,.,      0,      0,      0,      0,     35,     13,    37.9,    70.5,    60.9,    91.5,    37.0,    67.3,    60.1,    88.3,"($100 X DJ US REAL ESTATE INDEX)","124606","CBT ","124 ","F20","FutOnly"
"S&P 500 Consolidated - CHICAGO MERCANTILE EXCHANGE",251223,2025-12-23,13874+,CME ,00,138 , 1923191,  128425,  840342,   12663, 1153485,  213951,   88568,  162773,  533940,   25569,   78275,   65453,     858, 1650616, 1781345,  272575,  141847, -581172,  -36571,  -54659, -221990,  -16746,   15769,  -52440,  -44532,  -62012, -155314,   -8391,    1685,   -2357, -538342, -531318,  -42830,  -49854,  100.0,    6.7,   43.7,    0.7,   60.0,   11.1,    4.6,    8.5,   27.8,    1.3,    4.1,    3.4,    0.0,   85.8,   92.6,   14.2,    7.4,    444,     25,     37,     15,    178,     37,     82,     73,     61,     52,     16,     16,.,    341,    255,     9.9,    29.0,    17.5,    39.8,     9.3,    29.0,    16.7,    39.4,"(S&P 500 INDEX X $50.00)","13874+","CME ","138 ","F20","FutOnly"
"E-MINI S&P CONSU STAPLES INDEX - CHICAGO MERCANTILE EXCHANGE",251223,2025-12-23,138748,CME ,00,138 ,   28779,   21491,    1951,       0,    3282,   15851,       0,    2296,   10059,       0,       0,       0,       0,   27069,   27861,    1710,     918,  -10702,    -761,    1017,   -6739,    -961,   -3912,       0,    1380,    3733,       0,       0,       0,       0,   -7081,   -5901,   -3621,   -4801,  100.0,   74.7,    6.8,    0.0,   11.4,   55.1,    0.0,    8.0,   35.0,    0.0,    0.0,    0.0,    0.0,   94.1,   96.8,    5.9,    3.2,     30,      6,      5,      0,      4,      7,      0,.,      6,      0,      0,      0,      0,     12,     18,    70.7,    71.1,    87.1,    83.9,    70.7,    71.1,    87.1,    83.9,"($100 x S&P Select Sector Consumer Staples Index price)","138748","CME ","138 ","F20","FutOnly"
"E-MINI S&P ENERGY INDEX - CHICAGO MERCANTILE EXCHANGE",251223,2025-12-23,138749,CME ,00,138 ,   23499,   11384,    8736,       0,    6967,   12731,       0,    2691,     964,       0,       0,       0,       0,   21042,   22431,    2457,    1068,  -15137,   -6788,   -4008,   -9659,      52,    4509,       0,    1611,    -772,     -34,       0,       0,       0,  -14818,   -9964,    -319,   -5173,  100.0,   48.4,   37.2,    0.0,   29.6,   54.2,    0.0,   11.5,    4.1,    0.0,    0.0,    0.0,    0.0,   89.5,   95.5,   10.5,    4.5,     27,      5,      7,      0,      7,.,      0,.,.,      0,      0,      0,      0,     15,     12,    62.9,    75.9,    78.6,    88.6,    62.9,    75.9,    78.6,    88.6,"($100 x S&P Select Sector Energy Index price)","138749","CME ","138 ","F20","FutOnly"
"E-MINI S&P 500 - CHICAGO MERCANTILE EXCHANGE",251223,2025-12-23,13874A,CME ,00,138 , 1911017,  128323,  839460,   12524, 1150865,  213962,   88063,  161061,  532121,   25355,   78147,   65293,     858, 1645196, 1777636,  265821,  133381, -555296,  -36427,  -59574, -215396,  -16708,   15874,  -52385,  -57862,  -75969, -124199,   -8339,    1625,   -2357, -513673, -512381,  -41623,  -42915,  100.0,    6.7,   43.9,    0.7,   60.2,   11.2,    4.6,    8.4,   27.8,    1.3,    4.1,    3.4,    0.0,   86.1,   93.0,   13.9,    7.0,    438,     24,     37,     14,    177,     38,     78,     71,     60,     50,     15,     15,.,    334,    249,    10.0,    29.2,    17.6,    40.0,     9.4,    29.2,    16.8,    39.6,"($50 X S&P 500 INDEX)","13874A","CME ","138 ","F20","FutOnly"
"E-MINI S&P FINANCIAL INDEX - CHICAGO MERCANTILE EXCHANGE",251223,2025-12-23,13874C,CME ,00,138 ,   83118,   61521,   75001,       0,   17344,    1960,       0,     779,    5655,       0,     480,       0,       0,   80124,   82616,    2994,     502,  -17230,    9807,   13011,  -27975,    1328,     348,       0,      13,   -2637,      -1,     250,       0,       0,  -16578,  -17254,    -652,      24,  100.0,   74.0,   90.2,    0.0,   20.9,    2.4,    0.0,    0.9,    6.8,    0.0,    0.6,    0.0,    0.0,   96.4,   99.4,    3.6,    0.6,     43,     11,     12,      0,     10,.,      0,.,      4,      0,.,      0,      0,     24,     19,    59.8,    66.7,    84.0,    90.1,    59.8,    66.7,    84.0,    90.1,"($250 x S&P Select Sector Financial Index price)","13874C","CME ","138 ","F20","FutOnly"
"E-MINI S&P HEALTH CARE INDEX - CHICAGO MERCANTILE EXCHANGE",251223,2025-12-23,13874E,CME ,00,138 ,   18428,    6317,   12502,       0,    7354,    5188,       0,     643,       0,       0,       0,       0,       0,   14314,   17690,    4114,     738,   -9656,   -3025,   -5812,   -3182,      66,     259,     -14,   -2886,       0,    -388,       0,       0,       0,   -9429,   -9137,    -227,    -519,  100.0,   34.3,   67.8,    0.0,   39.9,   28.2,    0.0,    3.5,    0.0,    0.0,    0.0,    0.0,    0.0,   77.7,   96.0,   22.3,    4.0,     22,      4,      5,      0,      9,.,      0,.,      0,      0,      0,      0,      0,     15,      7,    58.5,    81.5,    68.0,    96.0,    58.5,    81.5,    68.0,    96.0,"($100 x S&P Select Sector Health Care Index price)","13874E","CME ","138 ","F20","FutOnly"
"E-MINI S&P INDUSTRIAL INDEX - CHICAGO MERCANTILE EXCHANGE",251223,2025-12-23,13874F,CME ,00,138 ,   10881,    2167,    6919,       0,    6278,    2535,       0,     298,     731,       0,       0,       0,       0,    8743,   10185,    2138,     696,   -3888,    -457,     170,   -2036,    -106,     360,       0,     298,    -548,       0,       0,       0,       0,   -2301,   -2054,   -1587,   -1834,  100.0,   19.9,   63.6,    0.0,   57.7,   23.3,    0.0,    2.7,    6.7,    0.0,    0.0,    0.0,    0.0,   80.4,   93.6,   19.6,    6.4,     22,.,      7,      0,      6,      4,      0,.,.,      0,      0,      0,      0,     10,     12,    55.4,    54.6,    75.8,    83.1,    55.4,    54.6,    75.8,    83.1,"($100 x S&P Select Sector Industrial Index price)","13874F","CME ","138 ","F20","FutOnly"
"E-MINI S&P TECHNOLOGY INDEX - CHICAGO MERCANTILE EXCHANGE",251223,2025-12-23,13874I,CME ,00,138 ,   19713,    2275,   18693,       0,   13999,     529,       0,     491,     218,       0,       0,       0,       0,   16765,   19440,    2948,     273,   -5442,   -1200,   -1485,   -1984,    -740,     -97,     -13,   -1722,    -298,       0,       0,       0,       0,   -5659,   -3877,     217,   -1565,  100.0,   11.5,   94.8,    0.0,   71.0,    2.7,    0.0,    2.5,    1.1,    0.0,    0.0,    0.0,    0.0,   85.0,   98.6,   15.0,    1.4,     25,.,      8,      0,     10,.,      0,.,.,      0,      0,      0,      0,     14,     11,    52.6,    81.6,    72.0,    94.8,    52.6,    81.6,    72.0,    94.8,"($100 x S&P Select Sector Technology Index price)","13874I","CME ","138 ","F20","FutOnly"
"E-MINI S&P UTILITIES INDEX - CHICAGO MERCANTILE EXCHANGE",251223,2025-12-23,13874J,CME ,00,138 ,   29995,    7471,   13270,       0,   16419,   10642,       2,    1735,    2049,       0,     395,       0,       0,   26022,   25963,    3973,    4032,  -18519,    1381,   -2204,  -18288,     180,   -1690,       1,   -1156,    1379,       0,     395,       0,       0,  -17487,  -20802,   -1032,    2283,  100.0,   24.9,   44.2,    0.0,   54.7,   35.5,    0.0,    5.8,    6.8,    0.0,    1.3,    0.0,    0.0,   86.8,   86.6,   13.2,   13.4,     33,.,      7,      0,     13,      4,.,.,.,      0,.,      0,      0,     20,     14,    56.4,    66.1,    70.3,    81.1,    56.4,    66.1,    70.3,    81.1,"($100 x S&P Select Sector Utilities Index price)","13874J","CME ","138 ","F20","FutOnly"
"E-MINI S&P COMMUNICATION INDEX - CHICAGO MERCANTILE EXCHANGE",251223,2025-12-23,13874P,CME ,00,138 ,   19340,    1036,   17440,       0,   16356,       0,       0,     400,    1515,       0,       0,       0,       0,   17792,   18955,    1548,     385,   -9239,   -2022,   -2542,   -4717,      22,       0,       0,    -204,     571,       0,       0,       0,       0,   -6921,   -6688,   -2318,   -2551,  100.0,    5.4,   90.2,    0.0,   84.6,    0.0,    0.0,    2.1,    7.8,    0.0,    0.0,    0.0,    0.0,   92.0,   98.0,    8.0,    2.0,     21,.,      8,      0,      8,      0,      0,.,.,      0,      0,      0,      0,     12,      9,    69.1,    80.8,    84.6,    95.9,    69.1,    80.8,    84.6,    95.9,"($250 x S&P Select Sector Communication Index)","13874P","CME ","138 ","F20","FutOnly"
"MICRO E-MINI S&P 500 INDEX - CHICAGO MERCANTILE EXCHANGE",251223,2025-12-23,13874U,CME ,00,138 ,  121741,    2414,   10211,       0,   27595,    1289,    3654,   17426,   18501,    1830,    1279,    1600,       0,   54198,   37085,   67543,   84656, -258759,  -65195,  -14603,   -2188,   -1072,   -1736,     141, -130315, -124045,  -47541,    -516,     600,       0, -246686, -189372,  -12073,  -69387,  100.0,    2.0,    8.4,    0.0,   22.7,    1.1,    3.0,   14.3,   15.2,    1.5,    1.1,    1.3,    0.0,   44.5,   30.5,   55.5,   69.5,     31,.,.,      0,      9,.,      5,     11,.,      4,.,.,      0,     28,     12,    16.2,    23.3,    25.2,    29.1,    14.9,    21.8,    23.8,    26.0,"($5 X S&P 500 INDEX)","13874U","CME ","138 ","F20","FutOnly"
"ADJUSTED INT RATE S&P 500 TOTL - CHICAGO MERCANTILE EXCHANGE",251223,2025-12-23,13874W,CME ,00,138 ,  935693,  343485,  279679,  205118,    1634,  107013,    6700,  168800,  112471,  203815,       0,       0,       0,  929552,  914796,    6141,   20897, -265239,  106916,  110014, -303685,       0,       0,       0,  -14062,    1108,  -47793,       0,       0,       0, -258624, -240356,   -6615,  -24883,  100.0,   36.7,   29.9,   21.9,    0.2,   11.4,    0.7,   18.0,   12.0,   21.8,    0.0,    0.0,    0.0,   99.3,   97.8,    0.7,    2.2,     67,     10,     19,     23,.,      7,.,     13,     10,     26,      0,      0,      0,     52,     66,    41.3,    24.2,    61.9,    42.3,    32.6,    22.4,    47.4,    35.9,"(S&P 500 TOTAL RETURN INDEX x $25)","13874W","CME ","138 ","F20","FutOnly"
"NASDAQ-100 Consolidated - CHICAGO MERCANTILE EXCHANGE",251223,2025-12-23,20974+,CME ,00,209 ,  274369,   36753,  121710,    1892,  107815,   30908,    3188,   60366,   73602,    5941,   11230,    6297,       2,  227187,  243539,   47182,   30830, -129498,  -12304,   -6445,  -46826,   -4783,    -583,   -3465,   -6251,  -16965,  -51923,    2195,   -1234,    -122, -123479, -127563,   -6019,   -1935,  100.0,   13.4,   44.4,    0.7,   39.3,   11.3,    1.2,   22.0,   26.8,    2.2,    4.1,    2.3,    0.0,   82.8,   88.8,   17.2,   11.2,    295,     28,     23,     10,     78,     20,     22,     60,     52,     30,     21,     13,.,    212,    146,    22.3,    35.4,    31.4,    48.4,    22.3,    35.1,    31.0,    48.2,"(NASDAQ 100 INDEX X $20)","20974+","CME ","209 ","F20","FutOnly"
"NASDAQ MINI - CHICAGO MERCANTILE EXCHANGE",251223,2025-12-23,209742,CME ,00,209 ,  265616,   36258,  120095,    1677,  107257,   30935,    3156,   60357,   75499,    2408,   11005,    6252,       0,  222118,  240022,   43498,   25594, -113077,   -7370,  -15360,  -39309,   -4771,    -611,   -3437,  -23519,  -15351,  -33304,    2191,   -1087,    -101, -109620, -108560,   -3457,   -4517,  100.0,   13.7,   45.2,    0.6,   40.4,   11.6,    1.2,   22.7,   28.4,    0.9,    4.1,    2.4,    0.0,   83.6,   90.4,   16.4,    9.6,    259,     26,     20,      9,     73,     20,     20,     50,     46,     22,     13,     11,      0,    180,    130,    23.1,    36.6,    32.4,    50.0,    23.1,    36.3,    32.0,    49.8,"(NASDAQ 100 STOCK INDEX X $20)","209742","CME ","209 ","F20","FutOnly"
"MICRO E-MINI NASDAQ-100 INDEX - CHICAGO MERCANTILE EXCHANGE",251223,2025-12-23,209747,CME ,00,209 ,   87530,    7099,   18304,       0,    5853,       0,      48,   34344,   15285,    1067,    2253,     445,      24,   50688,   35173,   36842,   52357, -164211, -124503,   13985,      -7,    -400,       0,       1,    5842, -182971,  -19353,      39,   -1474,    -212, -138593, -190031,  -25618,   25820,  100.0,    8.1,   20.9,    0.0,    6.7,    0.0,    0.1,   39.2,   17.5,    1.2,    2.6,    0.5,    0.0,   57.9,   40.2,   42.1,   59.8,     60,      5,      5,      0,     10,      0,.,     17,     13,      7,      8,.,.,     45,     25,    34.2,    28.4,    41.4,    35.7,    34.2,    27.7,    41.3,    34.8,"(NASDAQ 100 STOCK INDEX x $2)","209747","CME ","209 ","F20","FutOnly"
"RUSSELL E-MINI - CHICAGO MERCANTILE EXCHANGE",251223,2025-12-23,239742,CME ,00,239 ,  388537,   69012,   98920,    4946,  165239,  125224,   28173,   73368,   95355,    9810,    4883,   10564,       8,  355439,  373000,   33098,   15537, -114989,   -1281,   22069,  -59268,   -2568,   -7749,   -5127,   12056,   -8253,  -51952,     270,    -138,     -23, -107893, -110441,   -7096,   -4548,  100.0,   17.8,   25.5,    1.3,   42.5,   32.2,    7.3,   18.9,   24.5,    2.5,    1.3,    2.7,    0.0,   91.5,   96.0,    8.5,    4.0,    319,     33,     18,      5,     97,     45,     40,     48,     53,     26,     10,     15,.,    223,    168,    14.4,    25.7,    24.8,    34.7,    13.4,    25.1,    23.8,    34.1,"(RUSSEL 2000 INDEX X $50)","239742","CME ","239 ","F20","FutOnly"
"EMINI RUSSELL 1000 VALUE INDEX - CHICAGO MERCANTILE EXCHANGE",251223,2025-12-23,239744,CME ,00,239 ,   33375,   19986,   13879,       0,    7523,   18505,       0,    3636,       0,       0,       0,       0,       0,   31145,   32384,    2230,     991,   -5261,      37,      24,   -5409,     229,     249,       0,     186,       0,    -456,       0,       0,       0,   -5413,   -5592,     152,     331,  100.0,   59.9,   41.6,    0.0,   22.5,   55.4,    0.0,   10.9,    0.0,    0.0,    0.0,    0.0,    0.0,   93.3,   97.0,    6.7,    3.0,     23,      4,      5,      0,      6,      5,      0,.,      0,      0,      0,      0,      0,     13,     10,    76.4,    86.7,    88.1,    95.1,    76.4,    86.7,    88.1,    95.1,"(RUSSELL 1000 VALUE INDEX x $50)","239744","CME ","239 ","F20","FutOnly"
"NIKKEI STOCK AVERAGE YEN DENOM - CHICAGO MERCANTILE EXCHANGE",251223,2025-12-23,240743,CME ,00,240 ,   29322,   12717,    5126,     106,    4709,    2101,     146,    4953,    5041,      23,     377,     587,       0,   23031,   13130,    6291,   16192,       1,     737,     181,     -84,     -45,     -29,      -1,    -562,    1541,       3,      10,       0,       0,      58,    1611,     -57,   -1610,  100.0,   43.4,   17.5,    0.4,   16.1,    7.2,    0.5,   16.9,   17.2,    0.1,    1.3,    2.0,    0.0,   78.5,   44.8,   21.5,   55.2,     43,     11,      4,.,      6,      4,.,     10,      5,.,.,.,      0,     30,     18,    39.9,    31.6,    53.3,    37.8,    39.7,    31.2,    53.0,    37.4,"(NIKKEI INDEX X JPY 500)","240743","CME ","240 ","F20","FutOnly"
"MSCI EAFE  - ICE FUTURES U.S.",251223,2025-12-23,244041,ICUS,01,244 ,  407443,   35089,  262235,    1233,  277278,   64343,   35138,   40756,   38120,     131,    3839,    1075,     437,  393901,  402712,   13542,    4731, -123564,   -2422,  -21332,  -72350,  -12913,     532,   -7842,    1945,    1676,  -21588,    -988,     138,     -29, -116187, -120795,   -7377,   -2769,  100.0,    8.6,   64.4,    0.3,   68.1,   15.8,    8.6,   10.0,    9.4,    0.0,    0.9,    0.3,    0.1,   96.7,   98.8,    3.3,    1.2,    188,     16,     13,      6,     82,     36,     36,     26,      9,      4,.,.,.,    152,     83,    25.7,    37.9,    40.4,    56.8,    22.3,    37.9,    36.9,    56.7,"(MSCI EAFE INDEX X $50)","244041","ICUS","244 ","F20","FutOnly"
"MSCI EM INDEX - ICE FUTURES U.S.",251223,2025-12-23,244042,ICUS,01,244 , 1117609,   59734,  613295,   15069,  722854,  218183,   77552,  169548,  128844,    4926,   34814,   49971,    1162, 1085659, 1109002,   31950,    8607, -253371,   -1288,   19448, -192599,   33402,    2206,  -38068,  -11983,    5505,  -36033,    -801,   -7264,    -144, -247514, -246949,   -5857,   -6422,  100.0,    5.3,   54.9,    1.3,   64.7,   19.5,    6.9,   15.2,   11.5,    0.4,    3.1,    4.5,    0.1,   97.1,   99.2,    2.9,    0.8,    389,     27,     18,      7,    178,     39,     63,     69,     32,     20,     19,      7,.,    317,    164,    14.0,    35.8,    23.8,    53.2,    13.5,    35.8,    22.9,    53.0,"(MSCI Emerging Markets Index x $50)","244042","ICUS","244 ","F20","FutOnly"
"E-MINI S&P 400 STOCK INDEX - CHICAGO MERCANTILE EXCHANGE",251223,2025-12-23,33874A,CME ,00,138 ,   42573,    4913,   13613,       0,   20548,   19171,    1826,    5539,    2388,     117,       0,       0,       0,   32943,   37115,    9630,    5458,   -8831,   -1548,   -3140,   -3099,   -3222,   -1147,      64,    -373,    -650,    -226,       0,       0,       0,   -8404,   -8198,    -427,    -633,  100.0,   11.5,   32.0,    0.0,   48.3,   45.0,    4.3,   13.0,    5.6,    0.3,    0.0,    0.0,    0.0,   77.4,   87.2,   22.6,   12.8,     66,      6,      7,      0,     29,     14,     11,      5,      5,.,      0,      0,      0,     45,     33,    22.5,    37.0,    34.9,    61.7,    22.3,    36.9,    34.7,    61.6,"(S&P 400 INDEX X $100)","33874A","CME ","138 ","F20","FutOnly"
"S&P 500 ANNUAL DIVIDEND INDEX - CHICAGO MERCANTILE EXCHANGE",251223,2025-12-23,43874A,CME ,00,438 ,  278016,   21032,  193947,   19659,   91171,    4493,     627,  121546,   39319,   19123,       0,       0,       0,  273158,  277168,    4858,     848, -101727,     177,  -76698,   -7735,  -16844,   -2302,       0,  -62502,    1235,  -14549,       0,       0,       0, -101453, -100049,    -274,   -1678,  100.0,    7.6,   69.8,    7.1,   32.8,    1.6,    0.2,   43.7,   14.1,    6.9,    0.0,    0.0,    0.0,   98.3,   99.7,    1.7,    0.3,     86,     13,     15,     17,     14,.,.,     37,      6,     15,      0,      0,      0,     74,     45,    26.0,    56.9,    40.8,    77.7,    25.9,    54.6,    40.4,    75.2,"(S&P 500 ANNUAL DIVIDEND INDEX X $250)","43874A","CME ","438 ","F20","FutOnly"
"S&P 500 QUARTERLY DIVIDEND IND - CHICAGO MERCANTILE EXCHANGE",251223,2025-12-23,43874Q,CME ,00,438 ,   32689,    1872,    8982,    3914,     454,       0,     326,   24898,   18235,    1205,       0,       0,       0,   32669,   32662,      20,      27,  -17484,   -4170,   -6612,   -1095,   -1204,       0,     100,  -10721,   -9495,    -372,       0,       0,       0,  -17462,  -17474,     -22,     -10,  100.0,    5.7,   27.5,   12.0,    1.4,    0.0,    1.0,   76.2,   55.8,    3.7,    0.0,    0.0,    0.0,   99.9,   99.9,    0.1,    0.1,     28,      5,      7,      6,.,      0,.,      7,      7,.,      0,      0,      0,     19,     19,    78.6,    59.9,    93.8,    90.5,    74.2,    53.0,    81.8,    76.0,"(S&P 500 QUARTERLY DIVIDEND INDEX X $1000)","43874Q","CME ","438 ","F20","FutOnly"
"UST BOND - CHICAGO BOARD OF TRADE",251223,2025-12-23,020601,CBT ,00,020 , 1852267,   24639,  261727,   10662, 1088073,  601170,  247164,  121272,  461873,   37605,   69376,  111136,       0, 1598791, 1731337,  253476,  120930,  -11815,    4757,    4897,    -355,  -22646,    6653,   -1897,   15263,   -6871,  -10069,     170,     176,       0,  -14777,   -7466,    2962,   -4349,  100.0,    1.3,   14.1,    0.6,   58.7,   32.5,   13.3,    6.5,   24.9,    2.0,    3.7,    6.0,    0.0,   86.3,   93.5,   13.7,    6.5,    235,      6,     27,      8,     92,     25,     70,     30,     41,     19,      7,      7,      0,    166,    166,    18.9,    42.1,    30.9,    52.1,    17.3,    38.4,    27.6,    47.7,"(CONTRACTS OF $100,000 FACE VALUE)","020601","CBT ","020 ","F30","FutOnly"
"ULTRA UST BOND - CHICAGO BOARD OF TRADE",251223,2025-12-23,020604,CBT ,00,020 , 2101476,    6792,  313003,    1529, 1331567,  445791,  399044,  103298,  716451,   34468,   41041,   19364,      79, 1917818, 1929729,  183658,  171747,  -15086,   -3943,   10179,      -4,   -5071,    3431,   -8754,   15847,  -20298,  -14131,       0,    -500,       0,  -16056,  -30077,     970,   14991,  100.0,    0.3,   14.9,    0.1,   63.4,   21.2,   19.0,    4.9,   34.1,    1.6,    2.0,    0.9,    0.0,   91.3,   91.8,    8.7,    8.2,    215,.,     15,.,     84,     45,     73,     15,     41,     17,      9,      5,.,    151,    156,    28.8,    25.5,    41.3,    39.2,    23.7,    25.2,    33.5,    37.1,"(CONTRACTS OF $100,000 FACE VALUE)","020604","CBT ","020 ","F30","FutOnly"
"UST 2Y NOTE - CHICAGO BOARD OF TRADE",251223,2025-12-23,042601,CBT ,00,042 , 4497131,  105078,  402241,   34853, 2714522,  453448,  471372,  524378, 2731307,  151687,  253403,  135771,    2432, 4257725, 4383111,  239406,  114020,   39200,   -4294,   27888,   10042,    6703,   -1219,    4686,   36463,   19317,  -34182,   15403,    6805,      51,   34872,   33388,    4328,    5812,  100.0,    2.3,    8.9,    0.8,   60.4,   10.1,   10.5,   11.7,   60.7,    3.4,    5.6,    3.0,    0.1,   94.7,   97.5,    5.3,    2.5,    481,     32,     31,      9,    161,     50,     93,     72,     72,     47,     45,     18,      5,    357,    278,    26.5,    25.6,    35.7,    40.2,    24.7,    24.8,    31.7,    38.3,"(CONTRACTS OF $200,000 FACE VALUE)","042601","CBT ","042 ","F30","FutOnly"
"UST 10Y NOTE - CHICAGO BOARD OF TRADE",251223,2025-12-23,043602,CBT ,00,043 , 5569530,  398925,  519474,   46639, 3046897,  960365,  658926,  527617, 2825944,   88971,  384742,  136162,     282, 5152999, 5236763,  416531,  332767,  143211,   15502,   19211,   11320,   80111,   13664,   12261,   29323,   61629,    9048,   22734,   -8975,      29,  180328,  118187,  -37117,   25024,  100.0,    7.2,    9.3,    0.8,   54.7,   17.2,   11.8,    9.5,   50.7,    1.6,    6.9,    2.4,    0.0,   92.5,   94.0,    7.5,    6.0,    417,     28,     34,     10,    129,     57,    102,     55,     77,     45,     27,     10,.,    315,    262,    29.3,    28.2,    36.9,    38.7,    26.0,    27.5,    32.5,    37.6,"(CONTRACTS OF $100,000 FACE VALUE)","043602","CBT ","043 ","F30","FutOnly"
"ULTRA UST 10Y - CHICAGO BOARD OF TRADE",251223,2025-12-23,043607,CBT ,00,043 , 2543116,   18728,  260450,   14053, 1346629,  712018,  509484,  229723,  618263,   28543,  159386,  113483,       0, 2306546, 2256294,  236570,  286822,    7727,     198,    3652,     272,    8024,   38950,    3210,     652,  -30644,   -5559,    1835,     745,     -58,    8574,   10568,    -847,   -2841,  100.0,    0.7,   10.2,    0.6,   53.0,   28.0,   20.0,    9.0,   24.3,    1.1,    6.3,    4.5,    0.0,   90.7,   88.7,    9.3,   11.3,    230,.,     24,      6,     64,     65,     72,     19,     37,     18,      9,      9,      0,    152,    174,    25.8,    18.9,    39.2,    28.7,    19.5,    14.6,    30.3,    22.1,"(CONTRACTS OF $100,000 FACE VALUE)","043607","CBT ","043 ","F30","FutOnly"
"MICRO 10 YEAR YIELD - CHICAGO BOARD OF TRADE",251223,2025-12-23,04360Y,CBT ,00,043 ,    2649,       0,       0,       0,       0,       0,       0,    2177,     126,       0,     119,    1212,       0,    2296,    1338,     353,    1311,    -438,       0,       0,       0,       0,       0,       0,    -447,    -123,      -4,      50,    -231,       0,    -401,    -358,     -37,     -80,  100.0,    0.0,    0.0,    0.0,    0.0,    0.0,    0.0,   82.2,    4.8,    0.0,    4.5,   45.8,    0.0,   86.7,   50.5,   13.3,   49.5,     24,      0,      0,      0,      0,      0,      0,      4,.,      0,.,     17,      0,      6,     18,    83.7,    24.4,    86.7,    35.6,    83.7,    24.4,    86.7,    35.6,"(1000 x Index Points)","04360Y","CBT ","043 ","F30","FutOnly"
"UST 5Y NOTE - CHICAGO BOARD OF TRADE",251223,2025-12-23,044601,CBT ,00,044 , 6725829,  115673,  794819,   29026, 4370633,  656217,  743162,  432586, 3824067,  238402,  350153,  144866,    1766, 6281401, 6432325,  444428,  293504,   58837,  -10903,   29439,   -4075,   49398,  -26616,  -20521,   56535,   70533,    6825,  -12548,   -1632,     439,   65150,   54392,   -6313,    4445,  100.0,    1.7,   11.8,    0.4,   65.0,    9.8,   11.0,    6.4,   56.9,    3.5,    5.2,    2.2,    0.0,   93.4,   95.6,    6.6,    4.4,    451,     21,     38,      9,    154,     42,    104,     53,     95,     50,     34,     14,      5,    328,    291,    31.7,    19.6,    42.7,    31.5,    29.9,    19.4,    38.2,    31.1,"(CONTRACTS OF $100,000 FACE VALUE)","044601","CBT ","044 ","F30","FutOnly"
"FED FUNDS - CHICAGO BOARD OF TRADE",251223,2025-12-23,045601,CBT ,00,045 , 2592771,  270154,  591303,  529005,   93532,   89360,   73125,  916360,  637296,  630806,   19318,    3892,    1800, 2534100, 2556587,   58671,   36184,    6479,     218,   -5814,   -4931,    -971,   -3308,    -695,  -23284,   -4514,   23086,    1493,       0,       0,   -5084,    3824,   11563,    2655,  100.0,   10.4,   22.8,   20.4,    3.6,    3.4,    2.8,   35.3,   24.6,   24.3,    0.7,    0.2,    0.1,   97.7,   98.6,    2.3,    1.4,    187,     31,     42,     60,      7,     11,      7,     49,     40,     60,      5,.,.,    162,    153,    31.6,    18.7,    44.3,    32.8,    25.8,    14.0,    33.5,    22.6,"(CONTRACTS OF $5,000,000)","045601","CBT ","045 ","F33","FutOnly"
"EURO SHORT TERM RATE - CHICAGO MERCANTILE EXCHANGE",251223,2025-12-23,047745,CME ,00,047 ,   18930,    3933,   11603,    2073,    1114,      75,       0,    7137,     595,    4550,      99,       0,       0,   18906,   18896,      24,      34,  -37304,   -5350,  -33020,   -2237,    -185,       0,     -33,  -28069,    -451,   -1394,      99,     -31,     -99,  -37268,  -37265,     -36,     -39,  100.0,   20.8,   61.3,   11.0,    5.9,    0.4,    0.0,   37.7,    3.1,   24.0,    0.5,    0.0,    0.0,   99.9,   99.8,    0.1,    0.2,     39,     13,     11,      8,.,.,      0,      7,      4,      9,.,      0,      0,     30,     26,    46.7,    58.7,    71.8,    78.8,    36.0,    50.0,    52.8,    58.8,"(2,500 X CONTRACT GRADE IMM INDEX)","047745","CME ","047 ","F33","FutOnly"
"SOFR-3M - CHICAGO MERCANTILE EXCHANGE",251223,2025-12-23,134741,CME ,00,134 ,12553487, 2488923, 2482170, 1794673,  919950,  524481, 1215040, 1759516, 2065349, 4152732,   99504,  196590,  103145,12533483,12534180,   20004,   19307,-1266518, -530551, -245746, -274443,  197176,  -39975, -247990, -229062, -241835, -154028,    3387,  -30909,   -3621,-1239132,-1238547,  -27386,  -27971,  100.0,   19.8,   19.8,   14.3,    7.3,    4.2,    9.7,   14.0,   16.5,   33.1,    0.8,    1.6,    0.8,   99.8,   99.8,    0.2,    0.2,    831,     78,     95,    131,     57,     67,     67,    144,    156,    203,    110,     67,     67,    655,    644,    16.9,    17.9,    29.2,    30.0,    13.6,    11.5,    19.8,    17.4,"($2,500 x Contract IMM Index)","134741","CME ","134 ","F33","FutOnly"
"SOFR-1M - CHICAGO MERCANTILE EXCHANGE",251223,2025-12-23,134742,CME ,00,134 , 1777910,  654130,  159769,  311025,  107270,   15599,   18549,  319839,  897356,  363357,    3398,    8466,       7, 1777575, 1774128,     335,    3782,   13694,   -6214,   18831,   17142,   -8514,     399,    1577,  -24877,  -61002,   34695,     166,      36,       0,   13975,   11678,    -281,    2016,  100.0,   36.8,    9.0,   17.5,    6.0,    0.9,    1.0,   18.0,   50.5,   20.4,    0.2,    0.5,    0.0,  100.0,   99.8,    0.0,    0.2,    218,     49,     38,     57,     11,      6,      8,     43,     56,     54,      7,      7,.,    162,    176,    22.9,    27.9,    37.4,    43.7,    16.8,    21.2,    27.5,    33.1,"($4,167 x Contract IMM Index)","134742","CME ","134 ","F33","FutOnly"
"2 YEAR ERIS SOFR SWAP - CHICAGO BOARD OF TRADE",251223,2025-12-23,342603,CBT ,00,342 ,   92324,    1690,    5150,       0,   42250,    7057,       0,   24776,   42730,   20388,    3190,   16944,      30,   92324,   92299,       0,      25,    1191,      40,       0,       0,       0,     713,       0,    -181,   -1132,    1521,    -189,      89,       0,    1191,    1191,       0,       0,  100.0,    1.8,    5.6,    0.0,   45.8,    7.6,    0.0,   26.8,   46.3,   22.1,    3.5,   18.4,    0.0,  100.0,  100.0,    0.0,    0.0,     43,.,.,      0,.,      5,      0,      4,      9,.,      6,     13,.,     15,     32,    95.2,    66.0,    98.7,    82.0,    74.5,    48.9,    77.0,    62.8,"(100,000 USD notional principal)","342603","CBT ","342 ","F50","FutOnly"
"10 YEAR ERIS SOFR SWAP - CHICAGO BOARD OF TRADE",251223,2025-12-23,343603,CBT ,00,343 ,  195532,   26376,     688,   35808,    8570,    1345,       0,    7075,  130134,   18430,   99256,    9109,       0,  195515,  195514,      17,      18,   -1319,   -2465,       0,    -428,       0,       0,       0,       0,    -887,       0,    1574,       0,       0,   -1319,   -1315,       0,      -4,  100.0,   13.5,    0.4,   18.3,    4.4,    0.7,    0.0,    3.6,   66.6,    9.4,   50.8,    4.7,    0.0,  100.0,  100.0,    0.0,    0.0,     48,      5,.,.,.,.,      0,      4,      6,.,     20,      7,      0,     34,     19,    44.7,    83.1,    69.8,    98.4,    34.2,    69.9,    51.3,    71.4,"(100,000 USD notional principal)","343603","CBT ","343 ","F50","FutOnly"
"5 YEAR ERIS SOFR SWAP - CHICAGO BOARD OF TRADE",251223,2025-12-23,344605,CBT ,00,344 ,  126827,   11037,    4010,    5619,   30350,   28913,       0,   22587,   39957,   22796,   34428,   25458,       0,  126817,  126753,      10,      74,    2473,     150,       0,       0,       0,     222,       0,     866,    1632,     539,     924,      86,       0,    2479,    2479,      -6,      -6,  100.0,    8.7,    3.2,    4.4,   23.9,   22.8,    0.0,   17.8,   31.5,   18.0,   27.1,   20.1,    0.0,  100.0,   99.9,    0.0,    0.1,     58,      6,.,.,.,      5,      0,      7,     10,.,     12,     14,      0,     28,     35,    64.5,    64.2,    81.0,    79.8,    51.9,    50.8,    65.0,    63.1,"(100,000 USD notional principal)","344605","CBT ","344 ","F50","FutOnly"
"MICRO BITCOIN - CHICAGO MERCANTILE EXCHANGE",251223,2025-12-23,133742,CME ,00,180 ,   30830,    1364,    3828,     267,    2033,    1241,      34,   11455,   19043,    1463,    6369,    2357,     149,   23134,   28382,    7696,    2448,   -3064,     -71,    -571,     251,      85,      44,      20,   -2813,   -2112,      -6,    -197,    -405,      51,   -2680,   -2728,    -384,    -336,  100.0,    4.4,   12.4,    0.9,    6.6,    4.0,    0.1,   37.2,   61.8,    4.7,   20.7,    7.6,    0.5,   75.0,   92.1,   25.0,    7.9,    221,      5,      5,.,      4,      5,.,     33,     25,     18,    102,     41,      6,    157,     92,    29.4,    58.3,    38.7,    69.1,    28.8,    55.8,    36.8,    66.6,"(Bitcoin X $0.10)","133742","CME ","180 ","F84","FutOnly"
"Nano Bitcoin  - COINBASE DERIVATIVES, LLC",251223,2025-12-23,133LM1,FREX,00,180 ,   48746,      97,       0,       0,       0,       0,       0,   21208,   28324,     327,   23592,   19305,       0,   45224,   47956,    3522,     790,    7686,      97,   -2450,       0,       0,       0,       0,    6543,    9217,     266,    -262,     636,       0,    6644,    7669,    1042,      17,  100.0,    0.2,    0.0,    0.0,    0.0,    0.0,    0.0,   43.5,   58.1,    0.7,   48.4,   39.6,    0.0,   92.8,   98.4,    7.2,    1.6,    171,.,      0,      0,      0,      0,      0,      9,.,.,    120,     39,      0,    131,     42,    35.9,    86.1,    57.7,    91.0,    35.9,    85.9,    57.2,    90.7,"(1/100 X Bitcoin = $300)","133LM1","FREX","180 ","F84","FutOnly"
"NANO BITCOIN PERP STYLE - COINBASE DERIVATIVES, LLC",251223,2025-12-23,133LM4,FREX,00,180 ,  113519,       0,       0,       0,       0,       0,       0,   30806,   26006,       0,   70929,   84255,       0,  101735,  110261,   11784,    3258,  -13931,       0,    -109,       0,       0,       0,       0,    2411,  -25042,       0,  -16645,   11007,       0,  -14234,  -14144,     303,     213,  100.0,    0.0,    0.0,    0.0,    0.0,    0.0,    0.0,   27.1,   22.9,    0.0,   62.5,   74.2,    0.0,   89.6,   97.1,   10.4,    2.9,    728,      0,      0,      0,      0,      0,      0,      4,      8,      0,    519,    197,      0,    523,    205,    35.7,    41.3,    39.3,    55.9,    35.7,    41.3,    39.3,    55.9,"(1/100 X Bitcoin)","133LM4","FREX","180 ","F84","FutOnly"
"MICRO ETHER  - CHICAGO MERCANTILE EXCHANGE",251223,2025-12-23,146022,CME ,00,180 ,  214136,     480,    1732,     962,     732,    2616,     490,  171163,  197024,    3728,   32410,    6863,      60,  210025,  213475,    4111,     661,   -2231,   -2251,    -144,     962,     165,    -562,     122,      68,    1857,   -2021,     841,   -2259,     -10,   -2124,   -2055,    -107,    -176,  100.0,    0.2,    0.8,    0.4,    0.3,    1.2,    0.2,   79.9,   92.0,    1.7,   15.1,    3.2,    0.0,   98.1,   99.7,    1.9,    0.3,    332,.,.,.,.,.,.,     17,     20,      9,    235,     50,.,    265,     81,    78.4,    90.6,    81.8,    94.7,    77.5,    90.3,    80.5,    93.9,"(0.1 Index Points)","146022","CME ","180 ","F84","FutOnly"
"NANO ETHER - COINBASE DERIVATIVES, LLC",251223,2025-12-23,146LM1,FREX,00,180 ,   85776,     281,       0,       0,       0,       0,       0,   10598,   73732,       0,   72701,   11347,      46,   83626,   85125,    2150,     651,   -5652,     281,       0,       0,       0,       0,       0,   -9467,   -5529,       0,    3726,    -254,       0,   -5460,   -5783,    -192,     131,  100.0,    0.3,    0.0,    0.0,    0.0,    0.0,    0.0,   12.4,   86.0,    0.0,   84.8,   13.2,    0.1,   97.5,   99.2,    2.5,    0.8,    207,.,      0,      0,      0,      0,      0,      6,      8,      0,    149,     43,.,    156,     52,    49.2,    79.5,    61.8,    88.4,    49.2,    79.5,    61.8,    88.4,"(0.1 Ether or 1/10 X$2,000 = $200)","146LM1","FREX","180 ","F84","FutOnly"
"NANO ETHER PERP STYLE - COINBASE DERIVATIVES, LLC",251223,2025-12-23,146LM3,FREX,00,180 ,  218474,       0,       0,       0,       0,       0,       0,   40292,   66148,       0,  168136,  150457,       0,  208428,  216605,   10046,    1869,   28178,       0,     -66,       0,       0,       0,       0,   39695,  -15048,       0,  -11602,   42938,       0,   28093,   27824,      85,     354,  100.0,    0.0,    0.0,    0.0,    0.0,    0.0,    0.0,   18.4,   30.3,    0.0,   77.0,   68.9,    0.0,   95.4,   99.1,    4.6,    0.9,    843,      0,      0,      0,      0,      0,      0,      4,      6,      0,    658,    175,      0,    662,    181,    32.7,    46.9,    42.1,    68.3,    32.7,    46.9,    42.1,    68.3,"(1/10 X Ether)","146LM3","FREX","180 ","F84","FutOnly"
"DOGECOIN - COINBASE DERIVATIVES, LLC",251223,2025-12-23,168DC1,FREX,00,180 ,    8025,    4406,       0,       0,       0,       0,       0,       0,    5138,    1905,     526,     173,       0,    6837,    7216,    1188,     809,    3491,    1305,       0,       0,       0,       0,       0,    -120,    1222,    1905,      40,     -61,       0,    3130,    3066,     361,     425,  100.0,   54.9,    0.0,    0.0,    0.0,    0.0,    0.0,    0.0,   64.0,   23.7,    6.6,    2.2,    0.0,   85.2,   89.9,   14.8,   10.1,     24,.,      0,      0,      0,      0,      0,      0,     10,.,     10,.,      0,     14,     13,    78.6,    72.3,    82.5,    86.6,    58.0,    55.7,    60.4,    63.6,"(5,000 Dogecoin X $0.12 = Contract $600)","168DC1","FREX","180 ","F84","FutOnly"
"POLKADOT - COINBASE DERIVATIVES, LLC",251223,2025-12-23,169LM1,FREX,00,180 ,    1072,       0,       0,       0,       0,       0,       0,     425,     191,       0,     370,     795,       0,     795,     986,     277,      86,    -120,       0,       0,       0,       0,       0,       0,       0,    -177,       0,    -146,      32,       0,    -146,    -145,      26,      25,  100.0,    0.0,    0.0,    0.0,    0.0,    0.0,    0.0,   39.6,   17.8,    0.0,   34.5,   74.2,    0.0,   74.2,   92.0,   25.8,    8.0,     22,      0,      0,      0,      0,      0,      0,.,.,      0,      7,     12,      0,      8,     14,    59.2,    37.3,    74.2,    68.2,    59.2,    37.3,    74.2,    68.2,"(100 Polkadot x 6 = $600)","169LM1","FREX","180 ","F84","FutOnly"
"AVALANCHE - COINBASE DERIVATIVES, LLC",251223,2025-12-23,171LM1,FREX,00,180 ,    2094,       0,       0,       0,       0,       0,       0,      53,    1837,       0,    1652,     163,       0,    1705,    2000,     389,      94,    -229,       0,       0,       0,       0,       0,       0,    -138,     124,       0,     -77,    -309,       0,    -215,    -185,     -14,     -44,  100.0,    0.0,    0.0,    0.0,    0.0,    0.0,    0.0,    2.5,   87.7,    0.0,   78.9,    7.8,    0.0,   81.4,   95.5,   18.6,    4.5,     30,      0,      0,      0,      0,      0,      0,.,      4,      0,     23,.,      0,     24,      6,    32.5,    92.6,    48.9,    95.5,    32.5,    92.6,    48.9,    95.5,"(10 Avalanche x $30 = $300)","171LM1","FREX","180 ","F84","FutOnly"
"AVALANCHE PERP STYLE - COINBASE DERIVATIVES, LLC",251223,2025-12-23,171LM2,FREX,00,180 ,    1534,       0,       0,       0,       0,       0,       0,       0,    1126,       0,    1150,     347,       0,    1150,    1473,     384,      61,.,.,.,.,.,.,.,.,.,.,.,.,.,.,.,.,.,  100.0,    0.0,    0.0,    0.0,    0.0,    0.0,    0.0,    0.0,   73.4,    0.0,   75.0,   22.6,    0.0,   75.0,   96.0,   25.0,    4.0,     23,      0,      0,      0,      0,      0,      0,      0,.,      0,     18,.,      0,     18,      5,    27.8,    92.0,    51.0,    96.0,    27.8,    92.0,    51.0,    96.0,"(10 Avalanche)","171LM2","FREX","180 ","F84","FutOnly"
"CARDONA - COINBASE DERIVATIVES, LLC",251223,2025-12-23,174LM1,FREX,00,180 ,    2179,       0,       0,       0,       0,       0,       0,     409,    1573,      50,    1013,     206,       0,    1472,    1829,     707,     350,    -202,       0,       0,       0,       0,       0,       0,       0,    -441,      50,    -422,     -10,       0,    -372,    -401,     170,     199,  100.0,    0.0,    0.0,    0.0,    0.0,    0.0,    0.0,   18.8,   72.2,    2.3,   46.5,    9.5,    0.0,   67.6,   83.9,   32.4,   16.1,     22,      0,      0,      0,      0,      0,      0,.,.,.,     16,.,      0,     18,      5,    40.1,    81.6,    52.9,    83.9,    40.1,    79.3,    52.9,    81.6,"(1,000 Cardano)","174LM1","FREX","180 ","F84","FutOnly"
"CARDONA PERP STYLE - COINBASE DERIVATIVES, LLC",251223,2025-12-23,174LM2,FREX,00,180 ,    1808,       0,       0,       0,       0,       0,       0,     236,    1281,       0,    1177,     365,       0,    1413,    1646,     395,     162,.,.,.,.,.,.,.,.,.,.,.,.,.,.,.,.,.,  100.0,    0.0,    0.0,    0.0,    0.0,    0.0,    0.0,   13.1,   70.9,    0.0,   65.1,   20.2,    0.0,   78.2,   91.0,   21.8,    9.0,     20,      0,      0,      0,      0,      0,      0,.,.,      0,     12,      6,      0,     13,      7,    43.3,    85.5,    69.4,    91.0,    43.3,    85.5,    69.4,    91.0,"(1,000 Cardano)","174LM2","FREX","180 ","F84","FutOnly"
"MICRO XRP - CHICAGO MERCANTILE EXCHANGE",251223,2025-12-23,176741,CME ,00,180 ,    5372,      34,       0,       0,       0,       0,       0,    4561,    4994,       0,     272,     227,      35,    4902,    5256,     470,     116,    -681,      34,       0,       0,       0,       0,       0,    -395,    -719,      -1,    -320,      24,      35,    -647,    -661,     -34,     -20,  100.0,    0.6,    0.0,    0.0,    0.0,    0.0,    0.0,   84.9,   93.0,    0.0,    5.1,    4.2,    0.7,   91.3,   97.8,    8.7,    2.2,     21,.,      0,      0,      0,      0,      0,      5,      7,      0,      5,.,.,     12,     10,    84.7,    90.7,    89.2,    96.8,    84.7,    90.7,    89.2,    96.1,"(Contracts of 2,500 XRP)","176741","CME ","180 ","F84","FutOnly"
"NANO XRP - COINBASE DERIVATIVES, LLC",251223,2025-12-23,176LM1,FREX,00,180 ,   36633,       0,       0,       0,       0,       0,       0,   31382,   34433,     583,    3521,    1227,       0,   35486,   36243,    1147,     390,  -10475,       0,       0,       0,       0,       0,       0,  -10095,   -8065,     565,    -722,   -2935,       0,  -10252,  -10435,    -223,     -40,  100.0,    0.0,    0.0,    0.0,    0.0,    0.0,    0.0,   85.7,   94.0,    1.6,    9.6,    3.3,    0.0,   96.9,   98.9,    3.1,    1.1,     64,      0,      0,      0,      0,      0,      0,      4,      4,.,     45,     11,      0,     50,     15,    86.4,    96.0,    89.8,    98.1,    85.8,    94.4,    88.7,    96.5,"(500 XRP x $2.00 = $1000)","176LM1","FREX","180 ","F84","FutOnly"
"NANO XRP PERP STYLE - COINBASE DERIVATIVES, LLC",251223,2025-12-23,176LM3,FREX,00,180 ,   15750,       0,       0,       0,       0,       0,       0,     633,   11240,       0,   10167,    3643,       0,   10800,   14883,    4950,     867,    -858,       0,       0,       0,       0,       0,       0,   -1415,   -2139,       0,     350,    1032,       0,   -1065,   -1107,     207,     249,  100.0,    0.0,    0.0,    0.0,    0.0,    0.0,    0.0,    4.0,   71.4,    0.0,   64.6,   23.1,    0.0,   68.6,   94.5,   31.4,    5.5,    145,      0,      0,      0,      0,      0,      0,.,      4,      0,    115,     24,      0,    117,     28,    14.2,    71.4,    22.0,    85.0,    14.2,    71.4,    22.0,    85.0,"(500 XRP x $2.00 = $1000)","176LM3","FREX","180 ","F84","FutOnly"
"MICRO SOL - CHICAGO MERCANTILE EXCHANGE",251223,2025-12-23,177742,CME ,00,180 ,    5849,     104,       0,       0,      25,       0,       0,    3580,    5519,      10,    1410,     149,       0,    5129,    5678,     720,     171,    -109,      85,       0,     -52,      25,       0,       0,     -99,    -123,       6,      29,      79,       0,      -6,     -90,    -103,     -19,  100.0,    1.8,    0.0,    0.0,    0.4,    0.0,    0.0,   61.2,   94.4,    0.2,   24.1,    2.5,    0.0,   87.7,   97.1,   12.3,    2.9,     26,.,      0,      0,.,      0,      0,      7,      6,.,      8,.,      0,     19,     10,    70.7,    93.0,    82.2,    96.6,    70.6,    92.9,    82.2,    96.5,"(25 SOL, defined by CME CF Solana-Dollar Reference Rate)","177742","CME ","180 ","F84","FutOnly"
"NANO SOLANA - COINBASE DERIVATIVES, LLC",251223,2025-12-23,177LM1,FREX,00,180 ,   15488,       0,       0,       0,       0,       0,       0,   10071,    9815,      46,    4062,    5329,       0,   14179,   15190,    1309,     298,    -137,       0,       0,       0,       0,       0,       0,    -279,     899,      46,     206,   -1104,       0,     -27,    -159,    -110,      22,  100.0,    0.0,    0.0,    0.0,    0.0,    0.0,    0.0,   65.0,   63.4,    0.3,   26.2,   34.4,    0.0,   91.5,   98.1,    8.5,    1.9,     63,      0,      0,      0,      0,      0,      0,.,      6,.,     40,     14,      0,     44,     20,    70.8,    83.4,    77.7,    94.6,    70.8,    83.1,    77.7,    94.3,"(5 Solana x $250 = $1250)","177LM1","FREX","180 ","F84","FutOnly"
"NANO SOLANA PERP STYLE - COINBASE DERIVATIVES, LLC",251223,2025-12-23,177LM3,FREX,00,180 ,   33457,       0,       0,       0,       0,       0,       0,      47,   25250,       0,   27687,    7436,       0,   27734,   32686,    5723,     771,   -3932,       0,       0,       0,       0,       0,       0,   -2525,   -2472,       0,   -1248,   -1681,       0,   -3773,   -4153,    -159,     221,  100.0,    0.0,    0.0,    0.0,    0.0,    0.0,    0.0,    0.1,   75.5,    0.0,   82.8,   22.2,    0.0,   82.9,   97.7,   17.1,    2.3,    300,      0,      0,      0,      0,      0,      0,.,      4,      0,    254,     41,      0,    255,     45,    11.7,    79.1,    21.0,    89.4,    11.7,    79.1,    21.0,    89.4,"(5 Solana x $180 = $900)","177LM3","FREX","180 ","F84","FutOnly"
"BITCOIN - CHICAGO MERCANTILE EXCHANGE",251223,2025-12-23,133741,CME ,00,133 ,   21988,    7203,    2686,     717,    6820,     572,     646,    2686,   13937,     825,    1851,    1391,      37,   20785,   20811,    1203,    1177,   -2514,      86,     149,    -199,    -691,    -114,     -46,    -406,   -1698,    -629,    -811,      -8,       4,   -2692,   -2541,     178,      27,  100.0,   32.8,   12.2,    3.3,   31.0,    2.6,    2.9,   12.2,   63.4,    3.8,    8.4,    6.3,    0.2,   94.5,   94.6,    5.5,    5.4,    125,      7,     10,      5,      6,      7,      4,     24,     51,     25,      9,      8,.,     70,     91,    67.6,    26.6,    77.4,    44.5,    64.6,    26.4,    72.1,    41.4,"(5 Bitcoins)","133741","CME ","133 ","F85","FutOnly"
"ETHER CASH SETTLED - CHICAGO MERCANTILE EXCHANGE",251223,2025-12-23,146021,CME ,00,146 ,   39065,   22334,   10985,    5497,    2271,    1315,     901,    1369,   13548,    5444,     225,     647,       0,   38041,   38337,    1024,     728,   -2009,      85,    -686,    -526,    -246,     179,      11,    -822,    -482,    -397,    -160,    -129,       0,   -2055,   -2030,      46,      21,  100.0,   57.2,   28.1,   14.1,    5.8,    3.4,    2.3,    3.5,   34.7,   13.9,    0.6,    1.7,    0.0,   97.4,   98.1,    2.6,    1.9,     85,      5,      7,.,.,      7,.,     18,     34,     18,      5,      6,      0,     44,     63,    86.8,    49.2,    90.7,    67.9,    62.5,    30.7,    64.0,    45.5,"(50 Index Points)","146021","CME ","146 ","F85","FutOnly"
"XRP - CHICAGO MERCANTILE EXCHANGE",251223,2025-12-23,176740,CME ,00,176 ,   10243,    5752,    1831,    1869,     902,     491,       0,     987,    4234,     559,       0,    1051,       0,   10069,   10035,     174,     208,    2474,      31,    1066,    1821,      51,    -162,       0,      24,    -698,     514,       0,     -86,       0,    2441,    2455,      33,      19,  100.0,   56.2,   17.9,   18.2,    8.8,    4.8,    0.0,    9.6,   41.3,    5.5,    0.0,   10.3,    0.0,   98.3,   98.0,    1.7,    2.0,     29,.,.,.,.,.,      0,      5,     13,      5,      0,      4,      0,     13,     22,    75.0,    68.6,    96.2,    82.7,    65.0,    46.3,    74.3,    60.5,"(Contracts of 50,000 XRP)","176740","CME ","176 ","F85","FutOnly"
"SOL - CHICAGO MERCANTILE EXCHANGE",251223,2025-12-23,177741,CME ,00,177 ,   19768,   10910,    5621,    5006,     713,    2482,       0,    1614,    4763,    1124,      71,     461,       0,   19438,   19457,     330,     311,    5172,    -606,     863,    4950,     -68,      40,       0,       1,   -1563,     950,     -77,     -58,       0,    5150,    5182,      22,     -10,  100.0,   55.2,   28.4,   25.3,    3.6,   12.6,    0.0,    8.2,   24.1,    5.7,    0.4,    2.3,    0.0,   98.3,   98.4,    1.7,    1.6,     49,.,      5,.,.,.,      0,     12,     19,      7,.,      5,      0,     22,     36,    86.0,    62.7,    94.4,    75.6,    62.7,    37.4,    65.7,    48.4,"(500 SOL- CME CF Solana - Dollar Reference Rate)","177741","CME ","177 ","F85","FutOnly"
"USD INDEX - ICE FUTURES U.S.",251223,2025-12-23,098662,ICUS,01,098 ,   28181,    3663,     767,       0,    3320,    2152,    1793,   13485,   14811,     484,    3221,    5203,       0,   25966,   25210,    2215,    2971,    1187,      42,       2,       0,   -1147,      -4,      -7,    1682,     801,     221,     318,     -66,       0,    1109,     947,      78,     240,  100.0,   13.0,    2.7,    0.0,   11.8,    7.6,    6.4,   47.9,   52.6,    1.7,   11.4,   18.5,    0.0,   92.1,   89.5,    7.9,   10.5,    115,      4,.,      0,     13,     10,      5,     21,     27,      6,     20,     18,      0,     63,     63,    39.0,    41.1,    54.0,    55.9,    35.7,    41.1,    48.7,    53.1,"(U.S. DOLLAR INDEX X $1000)","098662","ICUS","098 ","F90","FutOnly"
"VIX FUTURES - CBOE FUTURES EXCHANGE",251223,2025-12-23,1170E1,E   ,00,117 ,  378125,   89630,   36132,   24826,   48367,   77079,   54049,   54273,   79302,   78416,    1929,     540,    3873,  355363,  354217,   22762,   23908,  -29070,    1709,  -15976,  -11239,   -6310,   13078,   -3867,   -4842,   -5409,    -192,    -299,   -1077,   -2819,  -27859,  -27501,   -1211,   -1569,  100.0,   23.7,    9.6,    6.6,   12.8,   20.4,   14.3,   14.4,   21.0,   20.7,    0.5,    0.1,    1.0,   94.0,   93.7,    6.0,    6.3,    173,     13,     16,     20,      6,     32,     22,     46,     42,     54,.,.,      8,    132,    145,    37.7,    18.2,    50.3,    33.4,    30.1,    13.9,    36.2,    22.4,"($1000 X INDEX)","1170E1","E   ","117 ","F90","FutOnly"
"BBG COMMODITY - CHICAGO BOARD OF TRADE",251223,2025-12-23,221602,CBT ,00,221 ,  196725,  125163,  178502,       0,   52380,    1742,    4640,   11838,   11833,       0,    2085,       0,       0,  196106,  196717,     619,       8,  -29585,  -27254,  -28064,       0,    -809,       0,       0,   -1190,    -940,    -571,     239,       0,       0,  -29585,  -29575,       0,     -10,  100.0,   63.6,   90.7,    0.0,   26.6,    0.9,    2.4,    6.0,    6.0,    0.0,    1.1,    0.0,    0.0,   99.7,  100.0,    0.3,    0.0,     77,      7,      4,      0,     24,.,.,      9,      9,      0,     21,      0,      0,     61,     17,    79.5,    90.7,    88.5,    97.8,    79.5,    90.7,    86.7,    96.2,"($100 X INDEX)","221602","CBT ","221 ","F90","FutOnly"
