"CANADIAN DOLLAR - CHICAGO MERCANTILE EXCHANGE",251216,2025-12-16,090741,CME ,00,090 ,  244427,  110471,   12032,   28563,   45655,   72507,    5253,   11073,   88091,    5848,   12100,    1071,       0,  218963,  213365,   25464,   31062,   -7441,  -43999,    5665,   24368,   12943,  -36240,    -398,   -1486,    1142,    1165,     597,      13,      -1,   -6811,   -4286,    -630,   -3155,  100.0,   45.2,    4.9,   11.7,   18.7,   29.7,    2.1,    4.5,   36.0,    2.4,    5.0,    0.4,    0.0,   89.6,   87.3,   10.4,   12.7,    114,      8,      8,      9,     17,     20,      7,     12,     37,      7,     10,.,      0,     60,     77,    54.9,    25.7,    66.0,    38.3,    47.0,    21.7,    56.1,    32.8,"(CONTRACTS OF CAD 100,000)","090741","CME ","090 ","F10","FutOnly"
"SWISS FRANC - CHICAGO MERCANTILE EXCHANGE",251216,2025-12-16,092741,CME ,00,092 ,  103436,   55709,    5415,       0,    5748,   51162,    1024,    6985,   11334,      46,    1400,     468,       0,   70912,   69449,   32524,   33987,   11041,      18,    3242,   -1073,     698,   -2242,   -2428,    -238,    1893,   -3631,     400,     468,       0,   -6254,   -3771,   17295,   14812,  100.0,   53.9,    5.2,    0.0,    5.6,   49.5,    1.0,    6.8,   11.0,    0.0,    1.4,    0.5,    0.0,   68.6,   67.1,   31.4,   32.9,     44,      6,.,      0,      4,     12,.,      9,      8,.,.,.,      0,     24,     25,    54.2,    43.5,    60.9,    55.7,    54.2,    43.5,    60.8,    55.4,"(CONTRACTS OF CHF 125,000)","092741","CME ","092 ","F10","FutOnly"
"BRITISH POUND - CHICAGO MERCANTILE EXCHANGE",251216,2025-12-16,096742,CME ,00,096 ,  282031,   74074,    3699,       4,   39043,  121684,    4225,   51009,   36461,    3336,     556,     927,       0,  172247,  170336,  109784,  111695,  -50374,  -81595,  -44117,  -23330,    5233,  -17744,   -1321,   -3220,  -11300,  -29813,      65,     500,       0, -133981, -127125,   83607,   76751,  100.0,   26.3,    1.3,    0.0,   13.8,   43.1,    1.5,   18.1,   12.9,    1.2,    0.2,    0.3,    0.0,   61.1,   60.4,   38.9,   39.6,    104,      9,.,.,     12,     32,      9,     24,     21,      7,.,.,      0,     56,     65,    28.5,    27.7,    42.1,    34.9,    28.0,    27.7,    41.6,    34.7,"(CONTRACTS OF GBP 62,500)","096742","CME ","096 ","F10","FutOnly"
"JAPANESE YEN - CHICAGO MERCANTILE EXCHANGE",251216,2025-12-16,097741,CME ,00,097 ,  379679,    7840,   64591,    1476,  108980,   50235,    7830,   40103,  122743,    2169,   74489,    1529,    7351,  250238,  257924,  129441,  121755,  -85737,  -26693,  -38958,  -79966,  -26921,   -9135,     408,   -3210,   -9264,  -29248,   -6796,     812,     -14, -172440, -165365,   86703,   79628,  100.0,    2.1,   17.0,    0.4,   28.7,   13.2,    2.1,   10.6,   32.3,    0.6,   19.6,    0.4,    1.9,   65.9,   67.9,   34.1,   32.1,    147,      7,     14,      4,     30,     18,     13,     27,     38,      9,      9,.,.,     85,     90,    27.6,    27.8,    40.0,    37.7,    27.6,    27.8,    39.4,    37.5,"(CONTRACTS OF JPY 12,500,000)","097741","CME ","097 ","F10","FutOnly"
"EURO FX - CHICAGO MERCANTILE EXCHANGE",251216,2025-12-16,099741,CME ,00,099 ,  986986,   36836,  520690,    4326,  517767,  142973,   32394,  116937,   65636,   13367,   20899,   14294,    3539,  746065,  797219,  240921,  189767,   44192,  -37371,  -27922,  -29738,    -104,   -1222,    -503,   14168,    4472,  -44118,    -403,    1307,      -1,  -98070,  -97725,  142262,  141917,  100.0,    3.7,   52.8,    0.4,   52.5,   14.5,    3.3,   11.8,    6.7,    1.4,    2.1,    1.4,    0.4,   75.6,   80.8,   24.4,   19.2,    312,     16,     13,      8,    123,     33,     39,     62,     28,     23,     25,     12,.,    251,    134,    13.5,    45.7,    21.9,    58.9,    12.9,    45.7,    21.1,    58.8,"(CONTRACTS OF EUR 125,000)","099741","CME ","099 ","F10","FutOnly"
"AUSTRALIAN DOLLAR - CHICAGO MERCANTILE EXCHANGE",251216,2025-12-16,232741,CME ,00,232 ,  293796,   41956,   67724,     174,   52719,   93582,    4630,   64914,   25437,    4426,    7430,     600,       0,  176249,  196573,  117547,   97223,   -2866,   -8619,   37093,  -76729,    5423,  -15700,      86,    7351,  -13563,  -14416,    1212,       0,       0,  -85692,  -83229,   82826,   80363,  100.0,   14.3,   23.1,    0.1,   17.9,   31.9,    1.6,   22.1,    8.7,    1.5,    2.5,    0.2,    0.0,   60.0,   66.9,   40.0,   33.1,    111,      7,      8,.,     24,     12,      9,     35,     15,      9,      9,.,      0,     82,     49,    25.2,    44.3,    32.6,    52.6,    25.2,    44.2,    32.6,    51.7,"(CONTRACTS OF AUD 100,000)","232741","CME ","232 ","F10","FutOnly"
"EURO FX/BRITISH POUND XRATE - CHICAGO MERCANTILE EXCHANGE",251216,2025-12-16,299741,CME ,00,099 ,   45803,       0,   27967,       0,   20390,       0,    1244,    3707,    8422,       0,       0,       0,       0,   25341,   37633,   20462,    8170,    3640,       0,     584,       0,    -426,       0,    -305,    1147,    -498,    -329,       0,       0,       0,      87,    -548,    3553,    4188,  100.0,    0.0,   61.1,    0.0,   44.5,    0.0,    2.7,    8.1,   18.4,    0.0,    0.0,    0.0,    0.0,   55.3,   82.2,   44.7,   17.8,     26,      0,.,      0,     16,      0,.,.,      4,      0,      0,      0,      0,     19,     10,    20.6,    73.1,    35.0,    81.3,    20.4,    73.1,    33.7,    79.4,"(CONTRACTS OF EUR 125,000)","299741","CME ","099 ","F10","FutOnly"
"EURO FX/JAPANESE YEN XRATE - CHICAGO MERCANTILE EXCHANGE",251216,2025-12-16,399741,CME ,00,099 ,   20048,    1724,    1967,    1009,    4933,   11393,     141,    2616,    1033,     202,       0,       0,       0,   10625,   15745,    9423,    4303,    -330,       0,       1,    -101,      64,      81,      -6,    -336,     162,     202,       0,       0,       0,    -177,     339,    -153,    -669,  100.0,    8.6,    9.8,    5.0,   24.6,   56.8,    0.7,   13.0,    5.2,    1.0,    0.0,    0.0,    0.0,   53.0,   78.5,   47.0,   21.5,     24,.,.,.,      6,     10,      4,.,.,.,      0,      0,      0,     14,     17,    28.9,    36.7,    47.1,    56.5,    25.1,    36.1,    42.0,    55.8,"(CONTRACTS OF EUR 125,000)","399741","CME ","099 ","F10","FutOnly"
"MEXICAN PESO - CHICAGO MERCANTILE EXCHANGE",251216,2025-12-16,095741,CME ,00,095 ,  365595,    8127,   75608,       5,   98455,   24354,    6242,  119418,   71577,     568,    8539,   67627,       0,  241354,  245981,  124241,  119614,   81535,    5404,  -73791,   -4048,    8701,    -374,     -51,   -2163,   25777,   -8023,     509,   61645,  -34332,  -34003,  -33197,  115538,  114732,  100.0,    2.2,   20.7,    0.0,   26.9,    6.7,    1.7,   32.7,   19.6,    0.2,    2.3,   18.5,    0.0,   66.0,   67.3,   34.0,   32.7,    194,      8,      8,.,     32,     11,      4,     81,     27,      7,     20,      7,      0,    147,     59,    19.5,    42.0,    30.6,    54.0,    19.5,    42.0,    30.5,    53.6,"(CONTRACTS OF MXN 500,000)","095741","CME ","095 ","F15","FutOnly"
"BRAZILIAN REAL - CHICAGO MERCANTILE EXCHANGE",251216,2025-12-16,102741,CME ,00,102 ,   90529,    5434,   67301,     209,   54610,    2027,     404,   20627,   15658,     369,    4984,    3503,       0,   86637,   89471,    3892,    1058,   -7925,    1823,   -2214,      50,   -7543,    -363,       0,   -2247,    2120,    -245,     -74,   -7259,       0,   -8236,   -7911,     311,     -14,  100.0,    6.0,   74.3,    0.2,   60.3,    2.2,    0.4,   22.8,   17.3,    0.4,    5.5,    3.9,    0.0,   95.7,   98.8,    4.3,    1.2,    101,      4,      8,.,     19,      8,.,     37,     10,.,     10,      4,      0,     74,     33,    43.6,    76.6,    57.4,    89.1,    43.6,    76.6,    57.2,    89.1,"(CONTRACTS OF BRL 100,000)","102741","CME ","102 ","F15","FutOnly"
"NZ DOLLAR - CHICAGO MERCANTILE EXCHANGE",251216,2025-12-16,112741,CME ,00,112 ,  103974,   56003,     536,       0,    5947,   49611,    3035,   10608,   22614,     741,    1976,     558,       0,   78310,   77095,   25664,   26879,  -10458,  -12120,     118,   -4296,    -329,  -15804,     301,   -3568,     584,  -12596,      89,    -311,       0,  -32519,  -32004,   22061,   21546,  100.0,   53.9,    0.5,    0.0,    5.7,   47.7,    2.9,   10.2,   21.7,    0.7,    1.9,    0.5,    0.0,   75.3,   74.1,   24.7,   25.9,     89,      6,.,      0,      8,     21,      5,     13,     32,      4,      4,.,      0,     38,     60,    49.8,    43.2,    64.5,    52.8,    49.8,    40.5,    63.8,    50.0,"(CONTRACTS OF NZD 100,000)","112741","CME ","112 ","F15","FutOnly"
"SO AFRICAN RAND - CHICAGO MERCANTILE EXCHANGE",251216,2025-12-16,122741,CME ,00,122 ,   26107,     947,   10377,       0,   11328,     148,       0,    7785,   10522,     585,     550,     590,       0,   21195,   22222,    4912,    3885,    -411,    -778,   -1646,     -41,     402,     148,       0,    1026,    2022,   -1828,    -102,     100,     -36,   -1357,   -1281,     946,     870,  100.0,    3.6,   39.7,    0.0,   43.4,    0.6,    0.0,   29.8,   40.3,    2.2,    2.1,    2.3,    0.0,   81.2,   85.1,   18.8,   14.9,     54,.,      4,      0,     13,.,      0,     18,     12,.,.,.,      0,     34,     21,    36.2,    54.8,    48.6,    72.1,    36.2,    54.8,    48.6,    72.1,"(CONTRACTS OF ZAR 500,000)","122741","CME ","122 ","F15","FutOnly"
"DJIA Consolidated - CHICAGO BOARD OF TRADE",251216,2025-12-16,12460+,CBT ,00,124 ,   90249,   37620,   34928,    4277,   19891,    7969,    1301,   10014,   28495,    3550,     221,       0,       0,   76874,   80520,   13375,    9729,    7234,    -404,     206,    3132,     602,    1793,    -366,    1752,     -46,    2413,       4,       0,       0,    7133,    7132,     101,     102,  100.0,   41.7,   38.7,    4.7,   22.0,    8.8,    1.4,   11.1,   31.6,    3.9,    0.2,    0.0,    0.0,   85.2,   89.2,   14.8,   10.8,     82,      8,     14,     13,     17,      6,      5,     20,     16,     10,.,      0,      0,     59,     51,    48.1,    44.7,    57.9,    61.3,    47.7,    43.0,    57.2,    58.0,"($5 X DJIA INDEX)","12460+","CBT ","124 ","F20","FutOnly"
"DJIA x $5 - CHICAGO BOARD OF TRADE",251216,2025-12-16,124603,CBT ,00,124 ,   90249,   37620,   34928,    4277,   19891,    7969,    1301,   10014,   28495,    3550,     221,       0,       0,   76874,   80520,   13375,    9729,    7234,    -404,     206,    3132,     602,    1793,    -366,    1752,     -46,    2413,       4,       0,       0,    7133,    7132,     101,     102,  100.0,   41.7,   38.7,    4.7,   22.0,    8.8,    1.4,   11.1,   31.6,    3.9,    0.2,    0.0,    0.0,   85.2,   89.2,   14.8,   10.8,     82,      8,     14,     13,     17,      6,      5,     20,     16,     10,.,      0,      0,     59,     51,    48.1,    44.7,    57.9,    61.3,    47.7,    43.0,    57.2,    58.0,"($5 X DJIA INDEX)","124603","CBT ","124 ","F20","FutOnly"
"DOW JONES U.S. REAL ESTATE IDX - CHICAGO BOARD OF TRADE",251216,2025-12-16,124606,CBT ,00,124 ,   85213,   15712,   44399,   12364,   35301,    9138,    3366,   12334,   11983,     300,       0,       0,       0,   79377,   81550,    5836,    3663,   19735,   -4460,    1346,   12364,    5354,     297,     244,    3024,    2375,     300,       0,       0,       0,   16826,   16926,    2909,    2809,  100.0,   18.4,   52.1,   14.5,   41.4,   10.7,    4.0,   14.5,   14.1,    0.4,    0.0,    0.0,    0.0,   93.2,   95.7,    6.8,    4.3,     48,      5,      8,      5,     23,      4,      4,.,      4,.,      0,      0,      0,     38,     20,    35.8,    57.2,    54.8,    81.3,    34.9,    50.5,    51.5,    68.2,"($100 X DJ US REAL ESTATE INDEX)","124606","CBT ","124 ","F20","FutOnly"
"S&P 500 Consolidated - CHICAGO MERCANTILE EXCHANGE",251216,2025-12-16,13874+,CME ,00,138 , 2504363,  164997,  895001,  234653, 1170231,  198182,  141008,  207305,  595952,  180883,   86666,   63768,    3215, 2188957, 2312663,  315406,  191700,  332090,    6992,   73084,  140346,    -716,   -9774,   42005,   43480,  -16634,   74586,   -5416,     542,    2233,  303510,  306387,   28580,   25702,  100.0,    6.6,   35.7,    9.4,   46.7,    7.9,    5.6,    8.3,   23.8,    7.2,    3.5,    2.5,    0.1,   87.4,   92.3,   12.6,    7.7,    471,     31,     37,     42,    172,     43,     94,     82,     74,     93,     14,     15,      5,    396,    309,     9.3,    25.6,    16.2,    34.8,     7.7,    23.0,    13.6,    30.4,"(S&P 500 INDEX X $50.00)","13874+","CME ","138 ","F20","FutOnly"
"E-MINI S&P CONSU STAPLES INDEX - CHICAGO MERCANTILE EXCHANGE",251216,2025-12-16,138748,CME ,00,138 ,   39481,   22252,     934,    6739,    4243,   19763,       0,     916,    6326,       0,       0,       0,       0,   34150,   33762,    5331,    5719,   10340,     -67,    -243,    6739,     204,     631,       0,       0,    -634,       0,       0,       0,       0,    6876,    6493,    3464,    3847,  100.0,   56.4,    2.4,   17.1,   10.7,   50.1,    0.0,    2.3,   16.0,    0.0,    0.0,    0.0,    0.0,   86.5,   85.5,   13.5,   14.5,     31,      8,      4,      5,      5,      7,      0,.,      6,      0,      0,      0,      0,     16,     20,    57.8,    55.5,    74.1,    69.8,    50.1,    52.1,    61.6,    62.3,"($100 x S&P Select Sector Consumer Staples Index price)","138748","CME ","138 ","F20","FutOnly"
"E-MINI S&P ENERGY INDEX - CHICAGO MERCANTILE EXCHANGE",251216,2025-12-16,138749,CME ,00,138 ,   38636,   18172,   12744,    9659,    6915,    8222,       0,    1080,    1736,      34,       0,       0,       0,   35860,   32395,    2776,    6241,   14587,    4446,     256,    9659,     -73,      55,       0,      22,    -381,      34,       0,       0,       0,   14088,    9623,     499,    4964,  100.0,   47.0,   33.0,   25.0,   17.9,   21.3,    0.0,    2.8,    4.5,    0.1,    0.0,    0.0,    0.0,   92.8,   83.8,    7.2,   16.2,     29,      7,      6,      7,      7,.,      0,.,      4,.,      0,      0,      0,     20,     17,    58.1,    60.6,    76.9,    73.4,    48.8,    43.0,    59.4,    54.9,"($100 x S&P Select Sector Energy Index price)","138749","CME ","138 ","F20","FutOnly"
"E-MINI S&P 500 - CHICAGO MERCANTILE EXCHANGE",251216,2025-12-16,13874A,CME ,00,138 , 2466313,  164750,  899034,  227920, 1167573,  198088,  140448,  218923,  608090,  149554,   86486,   63668,    3215, 2158869, 2290017,  307444,  176296,  325282,    6973,   75661,  139030,    -497,   -9457,   41916,   49438,  -11397,   62582,   -5310,     442,    2233,  296365,  301010,   28917,   24272,  100.0,    6.7,   36.5,    9.2,   47.3,    8.0,    5.7,    8.9,   24.7,    6.1,    3.5,    2.6,    0.1,   87.5,   92.9,   12.5,    7.1,    455,     29,     36,     38,    169,     44,     90,     78,     70,     89,     13,     14,      5,    379,    298,     9.4,    26.0,    16.5,    35.4,     7.8,    23.4,    13.8,    30.9,"($50 X S&P 500 INDEX)","13874A","CME ","138 ","F20","FutOnly"
"E-MINI S&P FINANCIAL INDEX - CHICAGO MERCANTILE EXCHANGE",251216,2025-12-16,13874C,CME ,00,138 ,  100348,   51714,   61990,   27975,   16016,    1612,       0,     766,    8292,       1,     230,       0,       0,   96702,   99870,    3646,     478,   30679,   -1188,     794,   27975,    3578,       0,       0,    -119,    1997,       1,     230,       0,       0,   30477,   30767,     202,     -88,  100.0,   51.5,   61.8,   27.9,   16.0,    1.6,    0.0,    0.8,    8.3,    0.0,    0.2,    0.0,    0.0,   96.4,   99.5,    3.6,    0.5,     44,     11,     11,     10,      9,.,      0,.,      6,.,.,      0,      0,     30,     25,    49.9,    52.3,    70.2,    79.5,    43.9,    46.7,    59.4,    62.1,"($250 x S&P Select Sector Financial Index price)","13874C","CME ","138 ","F20","FutOnly"
"E-MINI S&P HEALTH CARE INDEX - CHICAGO MERCANTILE EXCHANGE",251216,2025-12-16,13874E,CME ,00,138 ,   28084,    9342,   18314,    3182,    7288,    4929,      14,    3529,       0,     388,       0,       0,       0,   23743,   26827,    4341,    1257,    4096,     125,     177,    3182,     357,    2631,      14,    -277,    -212,     388,       0,       0,       0,    3789,    6180,     307,   -2084,  100.0,   33.3,   65.2,   11.3,   26.0,   17.6,    0.0,   12.6,    0.0,    1.4,    0.0,    0.0,    0.0,   84.5,   95.5,   15.5,    4.5,     27,      6,      7,      4,      9,.,.,      4,      0,.,      0,      0,      0,     21,     12,    55.1,    68.9,    68.0,    91.1,    51.1,    68.9,    59.8,    82.8,"($100 x S&P Select Sector Health Care Index price)","13874E","CME ","138 ","F20","FutOnly"
"E-MINI S&P INDUSTRIAL INDEX - CHICAGO MERCANTILE EXCHANGE",251216,2025-12-16,13874F,CME ,00,138 ,   14769,    2624,    6749,    2036,    6384,    2175,       0,       0,    1279,       0,       0,       0,       0,   11044,   12239,    3725,    2530,    3762,    -277,     140,    2036,      27,      59,       0,       0,    -381,       0,       0,       0,       0,    1786,    1854,    1976,    1908,  100.0,   17.8,   45.7,   13.8,   43.2,   14.7,    0.0,    0.0,    8.7,    0.0,    0.0,    0.0,    0.0,   74.8,   82.9,   25.2,   17.1,     22,      5,      5,      4,      6,      4,      0,      0,.,      0,      0,      0,      0,     12,     14,    47.3,    48.9,    66.9,    71.1,    40.9,    48.9,    56.4,    63.5,"($100 x S&P Select Sector Industrial Index price)","13874F","CME ","138 ","F20","FutOnly"
"E-MINI S&P MATERIALS INDEX - CHICAGO MERCANTILE EXCHANGE",251216,2025-12-16,13874H,CME ,00,138 ,   18602,    4530,    5925,    4301,    3515,    5886,      45,    2742,     235,     344,       0,       0,       0,   15477,   16736,    3125,    1866,    4659,   -2661,    -219,    4301,       0,     -21,      45,     166,      26,     344,       0,       0,       0,    2195,    4476,    2464,     183,  100.0,   24.4,   31.9,   23.1,   18.9,   31.6,    0.2,   14.7,    1.3,    1.8,    0.0,    0.0,    0.0,   83.2,   90.0,   16.8,   10.0,     22,      6,      4,      5,.,      5,.,.,.,.,      0,      0,      0,     15,     14,    48.6,    58.4,    72.7,    77.5,    39.8,    48.5,    54.3,    63.3,"($100 x S&P Select Sector Materials Index price)","13874H","CME ","138 ","F20","FutOnly"
"E-MINI S&P TECHNOLOGY INDEX - CHICAGO MERCANTILE EXCHANGE",251216,2025-12-16,13874I,CME ,00,138 ,   25155,    3475,   20178,    1984,   14739,     626,      13,    2213,     516,       0,       0,       0,       0,   22424,   23317,    2731,    1838,    2295,     595,    -799,    1984,   -2277,       0,      13,    1218,    -389,       0,       0,       0,       0,    1533,     809,     762,    1486,  100.0,   13.8,   80.2,    7.9,   58.6,    2.5,    0.1,    8.8,    2.1,    0.0,    0.0,    0.0,    0.0,   89.1,   92.7,   10.9,    7.3,     27,      4,      7,.,     11,.,.,.,.,      0,      0,      0,      0,     19,     12,    45.3,    74.6,    66.1,    88.1,    45.3,    71.5,    64.3,    82.3,"($100 x S&P Select Sector Technology Index price)","13874I","CME ","138 ","F20","FutOnly"
"E-MINI S&P UTILITIES INDEX - CHICAGO MERCANTILE EXCHANGE",251216,2025-12-16,13874J,CME ,00,138 ,   48514,    6090,   15474,   18288,   16239,   12332,       1,    2891,     670,       0,       0,       0,       0,   43509,   46765,    5005,    1749,   16493,       2,    -342,   18288,     -88,   -1746,       0,    -387,    -436,       0,       0,       0,       0,   17815,   15764,   -1322,     729,  100.0,   12.6,   31.9,   37.7,   33.5,   25.4,    0.0,    6.0,    1.4,    0.0,    0.0,    0.0,    0.0,   89.7,   96.4,   10.3,    3.6,     34,      4,      8,      5,     13,      4,.,      4,.,      0,      0,      0,      0,     25,     15,    51.1,    75.7,    70.7,    91.4,    28.1,    49.3,    39.5,    56.8,"($100 x S&P Select Sector Utilities Index price)","13874J","CME ","138 ","F20","FutOnly"
"E-MINI S&P COMMUNICATION INDEX - CHICAGO MERCANTILE EXCHANGE",251216,2025-12-16,13874P,CME ,00,138 ,   28579,    3058,   19982,    4717,   16334,       0,       0,     604,     944,       0,       0,       0,       0,   24713,   25643,    3866,    2936,    7277,    1503,    -120,    4717,   -1338,       0,       0,      -5,     234,       0,       0,       0,       0,    4877,    4831,    2400,    2446,  100.0,   10.7,   69.9,   16.5,   57.2,    0.0,    0.0,    2.1,    3.3,    0.0,    0.0,    0.0,    0.0,   86.5,   89.7,   13.5,   10.3,     23,      6,      6,      6,      8,      0,      0,.,.,      0,      0,      0,      0,     19,     10,    47.4,    71.0,    66.2,    87.2,    46.8,    63.7,    58.8,    73.2,"($250 x S&P Select Sector Communication Index)","13874P","CME ","138 ","F20","FutOnly"
"MICRO E-MINI S&P 500 INDEX - CHICAGO MERCANTILE EXCHANGE",251216,2025-12-16,13874U,CME ,00,138 ,  380500,   67609,   24814,    2188,   28667,    3025,    3513,  147741,  142546,   49371,    1795,    1000,       0,  300884,  226457,   79616,  154043,   68077,   11341,  -14619,    2005,   -1108,   -2090,    -193,   17786,   24991,   42679,   -1064,    1000,       0,   71446,   53773,   -3369,   14304,  100.0,   17.8,    6.5,    0.6,    7.5,    0.8,    0.9,   38.8,   37.5,   13.0,    0.5,    0.3,    0.0,   79.1,   59.5,   20.9,   40.5,     45,      5,      4,.,     10,.,      7,     13,      8,     11,.,.,      0,     40,     26,    58.5,    41.6,    64.8,    52.9,    51.0,    38.6,    55.7,    42.6,"($5 X S&P 500 INDEX)","13874U","CME ","138 ","F20","FutOnly"
"ADJUSTED INT RATE S&P 500 TOTL - CHICAGO MERCANTILE EXCHANGE",251216,2025-12-16,13874W,CME ,00,138 , 1200932,  236569,  169665,  508803,    1634,  107013,    6700,  182862,  111363,  251608,       0,       0,       0, 1188176, 1155152,   12756,   45780,   79467,   11557,    4049,   81876,       0,   -1280,   -2570,   -1096,    3382,  -10425,       0,       0,       0,   79342,   75032,     125,    4435,  100.0,   19.7,   14.1,   42.4,    0.1,    8.9,    0.6,   15.2,    9.3,   21.0,    0.0,    0.0,    0.0,   98.9,   96.2,    1.1,    3.8,     69,     12,     17,     29,.,      7,.,     15,     10,     31,      0,      0,      0,     63,     68,    34.9,    22.6,    55.0,    38.4,    21.2,    15.6,    30.1,    22.1,"(S&P 500 TOTAL RETURN INDEX x $25)","13874W","CME ","138 ","F20","FutOnly"
"NASDAQ-100 Consolidated - CHICAGO MERCANTILE EXCHANGE",251216,2025-12-16,20974+,CME ,00,209 ,  403867,   49057,  128156,   48718,  112598,   31490,    6653,   66617,   90566,   57863,    9035,    7531,     125,  350666,  371102,   53201,   32765,   56748,  -22750,   -9034,   37249,     485,     148,    3371,    4882,   -7263,   31762,   -1394,     773,     115,   53720,   57121,    3028,    -374,  100.0,   12.1,   31.7,   12.1,   27.9,    7.8,    1.6,   16.5,   22.4,   14.3,    2.2,    1.9,    0.0,   86.8,   91.9,   13.2,    8.1,    319,     30,     29,     32,     76,     23,     25,     67,     51,     59,     21,     18,      5,    249,    191,    17.9,    30.1,    27.2,    44.3,    16.2,    25.9,    23.1,    36.1,"(NASDAQ 100 INDEX X $20)","20974+","CME ","209 ","F20","FutOnly"
"NASDAQ MINI - CHICAGO MERCANTILE EXCHANGE",251216,2025-12-16,209742,CME ,00,209 ,  378693,   43628,  135455,   40986,  112028,   31546,    6593,   83876,   90850,   35712,    8814,    7339,     101,  331738,  348582,   46955,   30111,   53310,  -22436,   -7803,   36073,     466,     201,    3370,    7779,   -6553,   27068,   -1502,     878,     101,   50919,   53335,    2391,     -25,  100.0,   11.5,   35.8,   10.8,   29.6,    8.3,    1.7,   22.1,   24.0,    9.4,    2.3,    1.9,    0.0,   87.6,   92.0,   12.4,    8.0,    281,     26,     27,     28,     70,     24,     23,     58,     48,     45,     13,     15,.,    213,    166,    19.1,    32.0,    28.7,    47.2,    17.0,    27.6,    24.3,    38.8,"(NASDAQ 100 STOCK INDEX X $20)","209742","CME ","209 ","F20","FutOnly"
"MICRO E-MINI NASDAQ-100 INDEX - CHICAGO MERCANTILE EXCHANGE",251216,2025-12-16,209747,CME ,00,209 ,  251741,  131602,    4319,       7,    6253,       0,      47,   28502,  198256,   20420,    2214,    1919,     236,  189281,  225204,   62460,   26537,   34379,    8624,    -550,       4,     310,    -409,    -106,    2086,   23963,   15877,    1076,   -1052,     137,   28008,   37864,    6371,   -3485,  100.0,   52.3,    1.7,    0.0,    2.5,    0.0,    0.0,   11.3,   78.8,    8.1,    0.9,    0.8,    0.1,   75.2,   89.5,   24.8,   10.5,     71,      9,.,.,     10,      0,.,     23,     15,     19,      8,.,.,     58,     39,    54.0,    76.1,    59.7,    83.9,    51.6,    73.9,    56.4,    78.8,"(NASDAQ 100 STOCK INDEX x $2)","209747","CME ","209 ","F20","FutOnly"
"RUSSELL E-MINI - CHICAGO MERCANTILE EXCHANGE",251216,2025-12-16,239742,CME ,00,239 ,  503526,   70293,   76851,   64214,  167807,  132973,   33300,   61312,  103608,   61762,    4613,   10702,      31,  463332,  483441,   40194,   20085,   89619,  -13719,   10660,   51587,    5940,   -1501,    3993,     186,   -5805,   29890,    2270,    -410,      16,   80163,   88430,    9456,    1189,  100.0,   14.0,   15.3,   12.8,   33.3,   26.4,    6.6,   12.2,   20.6,   12.3,    0.9,    2.1,    0.0,   92.0,   96.0,    8.0,    4.0,    334,     33,     21,     26,     95,     46,     46,     53,     62,     50,     11,     13,.,    257,    202,    14.4,    22.8,    23.5,    31.7,    10.4,    17.2,    17.4,    25.2,"(RUSSEL 2000 INDEX X $50)","239742","CME ","239 ","F20","FutOnly"
"EMINI RUSSELL 1000 VALUE INDEX - CHICAGO MERCANTILE EXCHANGE",251216,2025-12-16,239744,CME ,00,239 ,   38636,   19949,   13855,    5409,    7294,   18256,       0,    3450,       0,     456,       0,       0,       0,   36558,   37976,    2078,     660,    6478,    -933,     628,    5409,   -1948,     211,       0,    2957,       0,     456,       0,       0,       0,    5941,    6704,     537,    -226,  100.0,   51.6,   35.9,   14.0,   18.9,   47.3,    0.0,    8.9,    0.0,    1.2,    0.0,    0.0,    0.0,   94.6,   98.3,    5.4,    1.7,     25,      6,      5,      5,      6,      5,      0,.,      0,.,      0,      0,      0,     16,     15,    70.3,    76.9,    84.1,    92.2,    60.7,    71.4,    74.0,    81.6,"(RUSSELL 1000 VALUE INDEX x $50)","239744","CME ","239 ","F20","FutOnly"
"MICRO E-MINI RUSSELL 2000 INDX - CHICAGO MERCANTILE EXCHANGE",251216,2025-12-16,239747,CME ,00,239 ,   57980,    5424,   12371,     486,    7834,       0,       0,   24629,    7490,   10062,     200,       0,       0,   48635,   30409,    9345,   27571,   20566,     -74,    5889,     412,     429,       0,       0,    8611,   -3677,    9880,    -450,   -1016,       0,   18808,   11488,    1758,    9078,  100.0,    9.4,   21.3,    0.8,   13.5,    0.0,    0.0,   42.5,   12.9,   17.4,    0.3,    0.0,    0.0,   83.9,   52.4,   16.1,   47.6,     32,.,.,.,      9,      0,      0,     12,      6,     12,.,      0,      0,     30,     16,    50.8,    46.1,    65.7,    50.3,    41.3,    31.5,    53.0,    34.3,"(RUSSEL 2000 INDEX X $0.5)","239747","CME ","239 ","F20","FutOnly"
"RUSSELL 2000 ANNUAL DIVIDEND  - CHICAGO MERCANTILE EXCHANGE",251216,2025-12-16,239750,CME ,00,239 ,   29161,     340,   16032,    1776,    3970,       0,      20,   17413,    5904,    5190,       0,       0,       0,   28709,   28922,     452,     239,       0,       0,       0,       0,       0,       0,       0,     -10,     -10,      10,       0,       0,       0,       0,       0,       0,       0,  100.0,    1.2,   55.0,    6.1,   13.6,    0.0,    0.1,   59.7,   20.2,   17.8,    0.0,    0.0,    0.0,   98.4,   99.2,    1.6,    0.8,     21,.,      8,      5,.,      0,.,      7,.,      5,      0,      0,      0,     16,     16,    76.7,    66.4,    89.6,    88.8,    68.0,    60.2,    73.3,    72.7,"(RUSSEL 2000 INDEX X $100)","239750","CME ","239 ","F20","FutOnly"
"NIKKEI STOCK AVERAGE YEN DENOM - CHICAGO MERCANTILE EXCHANGE",251216,2025-12-16,240743,CME ,00,240 ,   29321,   11980,    4945,     190,    4754,    2130,     147,    5515,    3500,      20,     367,     587,       0,   22973,   11519,    6348,   17802,  -21487,   -3812,    3355,   -9105,   -1178,    -186,      -1,   -4853,    -790,    -649,    -611,       0,     -50,  -20259,   -7426,   -1228,  -14061,  100.0,   40.9,   16.9,    0.6,   16.2,    7.3,    0.5,   18.8,   11.9,    0.1,    1.3,    2.0,    0.0,   78.3,   39.3,   21.6,   60.7,     38,      8,      4,.,      6,      4,.,      9,      4,.,.,.,      0,     27,     16,    40.2,    27.1,    54.1,    33.4,    40.0,    26.5,    53.8,    32.6,"(NIKKEI INDEX X JPY 500)","240743","CME ","240 ","F20","FutOnly"
"MSCI EAFE  - ICE FUTURES U.S.",251216,2025-12-16,244041,ICUS,01,244 ,  531007,   37511,  283567,   73583,  290191,   63811,   42980,   38811,   36444,   21719,    4827,     937,     466,  510088,  523507,   20919,    7500,   82134,    5544,    -451,   49997,  -10362,       3,   11840,    1933,   -2400,   21508,     -23,     217,      -2,   80435,   80712,    1699,    1422,  100.0,    7.1,   53.4,   13.9,   54.6,   12.0,    8.1,    7.3,    6.9,    4.1,    0.9,    0.2,    0.1,   96.1,   98.6,    3.9,    1.4,    186,     14,     13,     12,     82,     33,     41,     25,     11,      8,      4,.,.,    155,     93,    26.6,    37.0,    41.0,    57.4,    18.1,    31.2,    29.1,    46.9,"(MSCI EAFE INDEX X $50)","244041","ICUS","244 ","F20","FutOnly"
"MSCI EM INDEX - ICE FUTURES U.S.",251216,2025-12-16,244042,ICUS,01,244 , 1370980,   61022,  593847,  207668,  689452,  215977,  115620,  181531,  123339,   40959,   35615,   57235,    1306, 1333173, 1355951,   37807,   15029,  224220,   -4063,  -12233,  176226,   -4246,   -8687,   35768,    1851,    8063,   14727,    1118,    3867,      63,  221444,  217794,    2776,    6426,  100.0,    4.5,   43.3,   15.1,   50.3,   15.8,    8.4,   13.2,    9.0,    3.0,    2.6,    4.2,    0.1,   97.2,   98.9,    2.8,    1.1,    391,     29,     18,     19,    173,     42,     78,     67,     35,     29,     19,      7,.,    330,    190,    13.7,    34.8,    23.0,    50.2,    10.8,    28.3,    16.9,    40.8,"(MSCI Emerging Markets Index x $50)","244042","ICUS","244 ","F20","FutOnly"
"E-MINI S&P 400 STOCK INDEX - CHICAGO MERCANTILE EXCHANGE",251216,2025-12-16,33874A,CME ,00,138 ,   51404,    6461,   16753,    3099,   23770,   20318,    1762,    5912,    3038,     343,       0,       0,       0,   41347,   45313,   10057,    6091,    5194,   -1178,    1435,    3016,    1666,     -26,     -27,    -220,     -97,     223,       0,       0,       0,    3480,    4524,    1714,     670,  100.0,   12.6,   32.6,    6.0,   46.2,   39.5,    3.4,   11.5,    5.9,    0.7,    0.0,    0.0,    0.0,   80.4,   88.2,   19.6,   11.8,     75,      8,      7,      8,     31,     15,     11,      6,      8,      5,      0,      0,      0,     57,     42,    20.9,    38.3,    34.6,    58.6,    20.3,    38.1,    31.8,    56.5,"(S&P 400 INDEX X $100)","33874A","CME ","138 ","F20","FutOnly"
"S&P 500 ANNUAL DIVIDEND INDEX - CHICAGO MERCANTILE EXCHANGE",251216,2025-12-16,43874A,CME ,00,438 ,  379743,   20855,  270645,   27394,  108015,    6795,     627,  184048,   38084,   33672,       0,       0,       0,  374611,  377217,    5132,    2526,    8853,     435,    8126,     302,     542,       0,       0,    3737,   -3492,    4227,    -223,       0,       0,    9020,    9163,    -167,    -310,  100.0,    5.5,   71.3,    7.2,   28.4,    1.8,    0.2,   48.5,   10.0,    8.9,    0.0,    0.0,    0.0,   98.6,   99.3,    1.4,    0.7,     93,     14,     16,     17,     16,.,.,     40,      6,     17,      0,      0,      0,     81,     47,    27.8,    55.9,    44.1,    75.0,    26.0,    54.2,    40.5,    71.3,"(S&P 500 ANNUAL DIVIDEND INDEX X $250)","43874A","CME ","438 ","F20","FutOnly"
"S&P 500 QUARTERLY DIVIDEND IND - CHICAGO MERCANTILE EXCHANGE",251216,2025-12-16,43874Q,CME ,00,438 ,   50173,    6042,   15594,    5009,    1658,       0,     226,   35619,   27730,    1577,       0,       0,       0,   50131,   50136,      42,      37,    6238,    3264,    4464,     -26,    -177,       0,     153,    4345,    2941,   -1301,       0,       0,       0,    6258,    6231,     -20,       7,  100.0,   12.0,   31.1,   10.0,    3.3,    0.0,    0.5,   71.0,   55.3,    3.1,    0.0,    0.0,    0.0,   99.9,   99.9,    0.1,    0.1,     29,      5,      7,      6,.,      0,.,     10,      6,      6,      0,      0,      0,     23,     19,    71.0,    57.9,    91.2,    85.5,    67.1,    56.1,    82.8,    81.0,"(S&P 500 QUARTERLY DIVIDEND INDEX X $1000)","43874Q","CME ","438 ","F20","FutOnly"
"UST BOND - CHICAGO BOARD OF TRADE",251216,2025-12-16,020601,CBT ,00,020 , 1864082,   19882,  256830,   11017, 1110719,  594517,  249061,  106009,  468744,   47674,   69206,  110960,       0, 1613568, 1738803,  250514,  125279,   76658,   -1915,   30194,   -2318,   35435,  -13222,   12113,   23027,   23539,   18987,   -1105,    8177,       0,   84224,   77470,   -7566,    -812,  100.0,    1.1,   13.8,    0.6,   59.6,   31.9,   13.4,    5.7,   25.1,    2.6,    3.7,    6.0,    0.0,   86.6,   93.3,   13.4,    6.7,    233,      6,     25,      7,     94,     24,     70,     28,     42,     19,      7,      7,      0,    165,    164,    18.9,    41.9,    31.1,    51.7,    17.2,    38.2,    27.7,    47.5,"(CONTRACTS OF $100,000 FACE VALUE)","020601","CBT ","020 ","F30","FutOnly"
"ULTRA UST BOND - CHICAGO BOARD OF TRADE",251216,2025-12-16,020604,CBT ,00,020 , 2116562,   10735,  302824,    1533, 1336638,  442360,  407798,   87451,  736749,   48599,   41041,   19864,      79, 1933874, 1959806,  182688,  156756,   -8717,    -944,   19267,    -185,    8624,   -8367,   -7382,    5009,    7617,  -24560,   10554,    4970,       0,   -8884,   -8640,     167,     -77,  100.0,    0.5,   14.3,    0.1,   63.2,   20.9,   19.3,    4.1,   34.8,    2.3,    1.9,    0.9,    0.0,   91.4,   92.6,    8.6,    7.4,    221,.,     15,.,     84,     46,     73,     15,     44,     18,      9,      5,.,    155,    160,    28.8,    25.3,    41.3,    39.1,    23.7,    25.1,    33.4,    36.9,"(CONTRACTS OF $100,000 FACE VALUE)","020604","CBT ","020 ","F30","FutOnly"
"UST 2Y NOTE - CHICAGO BOARD OF TRADE",251216,2025-12-16,042601,CBT ,00,042 , 4457931,  109372,  374353,   24811, 2707819,  454667,  466686,  487915, 2711990,  185869,  238000,  128966,    2381, 4222853, 4349723,  235078,  108208,   45293,  -20706,    5981,    6972,   71840,  -30468,  -31013,  -12417,   82524,   32978,    5591,    5697,     841,   54086,   73512,   -8793,  -28219,  100.0,    2.5,    8.4,    0.6,   60.7,   10.2,   10.5,   10.9,   60.8,    4.2,    5.3,    2.9,    0.1,   94.7,   97.6,    5.3,    2.4,    477,     35,     32,      9,    161,     43,     95,     70,     76,     43,     44,     16,      5,    354,    275,    27.5,    25.9,    36.6,    40.8,    25.4,    25.3,    32.2,    38.8,"(CONTRACTS OF $200,000 FACE VALUE)","042601","CBT ","042 ","F30","FutOnly"
"UST 10Y NOTE - CHICAGO BOARD OF TRADE",251216,2025-12-16,043602,CBT ,00,043 , 5426319,  383423,  500263,   35319, 2966786,  946701,  646665,  498294, 2764315,   79923,  362008,  145137,     253, 4972671, 5118576,  453648,  307743,  -87405,   -3172,  -10260,    6728,  -33697,   16848,   -2083,  -78814,  -93916,   -6102,   24180,    6970,     -46,  -93006,  -81861,    5601,   -5544,  100.0,    7.1,    9.2,    0.7,   54.7,   17.4,   11.9,    9.2,   50.9,    1.5,    6.7,    2.7,    0.0,   91.6,   94.3,    8.4,    5.7,    413,     31,     32,     14,    129,     56,    104,     57,     74,     45,     26,      8,.,    314,    264,    28.2,    29.5,    36.2,    39.7,    24.9,    28.7,    31.8,    38.0,"(CONTRACTS OF $100,000 FACE VALUE)","043602","CBT ","043 ","F30","FutOnly"
"ULTRA UST 10Y - CHICAGO BOARD OF TRADE",251216,2025-12-16,043607,CBT ,00,043 , 2535389,   18530,  256798,   13781, 1338605,  673068,  506274,  229071,  648907,   34102,  157551,  112738,      58, 2297972, 2245726,  237417,  289663,  -29662,   -4797,   36312,   -3547,  -17965,   10204,   -4049,    6240,  -46599,  -17698,   13231,    3202,       0,  -28585,  -22175,   -1077,   -7487,  100.0,    0.7,   10.1,    0.5,   52.8,   26.5,   20.0,    9.0,   25.6,    1.3,    6.2,    4.4,    0.0,   90.6,   88.6,    9.4,   11.4,    230,.,     24,      6,     64,     62,     68,     19,     40,     21,      9,      9,.,    152,    174,    25.8,    20.4,    39.1,    29.8,    19.3,    15.9,    29.9,    23.2,"(CONTRACTS OF $100,000 FACE VALUE)","043607","CBT ","043 ","F30","FutOnly"
"MICRO 10 YEAR YIELD - CHICAGO BOARD OF TRADE",251216,2025-12-16,04360Y,CBT ,00,043 ,    3087,       0,       0,       0,       0,       0,       0,    2624,     249,       4,      69,    1443,       0,    2697,    1696,     390,    1391,      51,       0,       0,       0,       0,       0,       0,     -14,      57,      -8,       0,     153,       0,     -22,     202,      73,    -151,  100.0,    0.0,    0.0,    0.0,    0.0,    0.0,    0.0,   85.0,    8.1,    0.1,    2.2,   46.7,    0.0,   87.4,   54.9,   12.6,   45.1,     30,      0,      0,      0,      0,      0,      0,      4,.,.,.,     22,      0,      7,     24,    85.5,    22.9,    87.4,    32.8,    85.5,    22.9,    87.2,    32.8,"(1000 x Index Points)","04360Y","CBT ","043 ","F30","FutOnly"
"UST 5Y NOTE - CHICAGO BOARD OF TRADE",251216,2025-12-16,044601,CBT ,00,044 , 6666992,  126576,  765380,   33101, 4321235,  682833,  763683,  376051, 3753534,  231577,  362701,  146498,    1327, 6216251, 6377933,  450741,  289059,  -47515,  -23677,   37890,   -8057,  -59490,  -48745,   13232,   58495,    2193,  -35429,   -5655,   -7815,      67,  -60514,  -46664,   12999,    -851,  100.0,    1.9,   11.5,    0.5,   64.8,   10.2,   11.5,    5.6,   56.3,    3.5,    5.4,    2.2,    0.0,   93.2,   95.7,    6.8,    4.3,    447,     20,     39,      8,    153,     46,    105,     53,     91,     47,     33,     12,      6,    323,    290,    31.7,    19.4,    42.5,    31.7,    29.3,    19.1,    37.9,    31.3,"(CONTRACTS OF $100,000 FACE VALUE)","044601","CBT ","044 ","F30","FutOnly"
"FED FUNDS - CHICAGO BOARD OF TRADE",251216,2025-12-16,045601,CBT ,00,045 , 2586292,  269936,  597117,  533936,   94503,   92668,   73820,  939644,  641810,  607720,   17825,    3892,    1800, 2539184, 2552763,   47108,   33529,  161817,   70445,   45296,  -58342,   50756,   12314,   -8762,   93716,  171161,    6711,    3733,   -1200,       0,  158257,  167178,    3560,   -5361,  100.0,   10.4,   23.1,   20.6,    3.7,    3.6,    2.9,   36.3,   24.8,   23.5,    0.7,    0.2,    0.1,   98.2,   98.7,    1.8,    1.3,    186,     33,     39,     57,      8,     11,      7,     53,     35,     61,      4,.,.,    158,    154,    31.6,    19.2,    44.2,    33.5,    26.3,    15.4,    34.4,    23.9,"(CONTRACTS OF $5,000,000)","045601","CBT ","045 ","F33","FutOnly"
"EURO SHORT TERM RATE - CHICAGO MERCANTILE EXCHANGE",251216,2025-12-16,047745,CME ,00,047 ,   56234,    9283,   44623,    4310,    1299,      75,      33,   35206,    1046,    5944,       0,      31,      99,   56174,   56161,      60,      73,    4825,     -44,    5347,     310,    1081,       0,       0,    4256,     -43,    -809,       0,       0,       0,    4794,    4805,      31,      20,  100.0,   16.5,   79.4,    7.7,    2.3,    0.1,    0.1,   62.6,    1.9,   10.6,    0.0,    0.1,    0.2,   99.9,   99.9,    0.1,    0.1,     46,     10,     16,     13,.,.,.,     14,.,     11,      0,.,.,     39,     33,    62.6,    68.0,    76.8,    81.7,    57.2,    62.4,    68.6,    75.1,"(2,500 X CONTRACT GRADE IMM INDEX)","047745","CME ","047 ","F33","FutOnly"
"SOFR-3M - CHICAGO MERCANTILE EXCHANGE",251216,2025-12-16,134741,CME ,00,134 ,13820005, 3019474, 2727916, 2069116,  722774,  564456, 1463030, 1988578, 2307184, 4306760,   96117,  227499,  106766,13772615,13772727,   47390,   47278,  119664,  -12964,  341494,   20880,   -3449, -116124,   74214,   -4353, -236182,   22916,    5692,   -3496,    4174,  107110,  107876,   12554,   11788,  100.0,   21.8,   19.7,   15.0,    5.2,    4.1,   10.6,   14.4,   16.7,   31.2,    0.7,    1.6,    0.8,   99.7,   99.7,    0.3,    0.3,    863,     87,     89,    132,     55,     75,     70,    151,    155,    206,    114,     74,     71,    677,    665,    16.2,    17.7,    28.1,    29.4,    12.8,    10.0,    19.2,    15.6,"($2,500 x Contract IMM Index)","134741","CME ","134 ","F33","FutOnly"
"SOFR-1M - CHICAGO MERCANTILE EXCHANGE",251216,2025-12-16,134742,CME ,00,134 , 1764216,  660344,  140938,  293883,  115784,   15200,   16972,  344716,  958358,  328662,    3232,    8430,       7, 1763600, 1762450,     616,    1766,  158691,   27389,  -32959,   39528,   33460,     589,   -3573,   74800,  165785,  -11407,    -111,    2238,      -3,  160083,  160198,   -1392,   -1507,  100.0,   37.4,    8.0,   16.7,    6.6,    0.9,    1.0,   19.5,   54.3,   18.6,    0.2,    0.5,    0.0,  100.0,   99.9,    0.0,    0.1,    218,     50,     37,     59,     12,      6,      8,     40,     58,     56,      7,      7,.,    164,    178,    22.6,    28.3,    37.9,    45.6,    18.2,    22.1,    29.3,    36.3,"($4,167 x Contract IMM Index)","134742","CME ","134 ","F33","FutOnly"
"2 YEAR ERIS SOFR SWAP - CHICAGO BOARD OF TRADE",251216,2025-12-16,342603,CBT ,00,342 ,   91133,    1650,    5150,       0,   42250,    6344,       0,   24957,   43862,   18867,    3379,   16855,      30,   91133,   91108,       0,      25,   -6267,       0,       0,       0,       0,     618,       0,    -454,    1462,   -6428,     615,   -1940,       0,   -6267,   -6288,       0,      21,  100.0,    1.8,    5.7,    0.0,   46.4,    7.0,    0.0,   27.4,   48.1,   20.7,    3.7,   18.5,    0.0,  100.0,  100.0,    0.0,    0.0,     43,.,.,      0,.,      5,      0,      4,      9,.,      6,     13,.,     15,     32,    94.6,    66.2,    98.3,    82.3,    75.5,    50.2,    78.1,    64.5,"(100,000 USD notional principal)","342603","CBT ","342 ","F50","FutOnly"
"10 YEAR ERIS SOFR SWAP - CHICAGO BOARD OF TRADE",251216,2025-12-16,343603,CBT ,00,343 ,  196851,   28841,     688,   36236,    8570,    1345,       0,    7075,  131021,   18430,   97682,    9109,       0,  196834,  196829,      17,      22,  -88902,       0,    -370,     400,      -5,     400,       0,    -145,   -1552,  -87768,   -1372,       0,     -12,  -88902,  -88902,       0,       0,  100.0,   14.7,    0.3,   18.4,    4.4,    0.7,    0.0,    3.6,   66.6,    9.4,   49.6,    4.6,    0.0,  100.0,  100.0,    0.0,    0.0,     48,      5,.,.,.,.,      0,      4,      6,.,     20,      7,      0,     34,     19,    45.9,    83.2,    70.9,    98.4,    33.8,    69.9,    50.9,    71.3,"(100,000 USD notional principal)","343603","CBT ","343 ","F50","FutOnly"
"5 YEAR ERIS SOFR SWAP - CHICAGO BOARD OF TRADE",251216,2025-12-16,344605,CBT ,00,344 ,  124354,   10887,    4010,    5619,   30350,   28691,       0,   21721,   38325,   22257,   33504,   25372,       0,  124338,  124274,      16,      80,   -8264,   -1500,      60,    1500,    1500,     975,       0,    1705,    1235,  -12722,    1524,     965,    -277,   -8270,   -8264,       6,       0,  100.0,    8.8,    3.2,    4.5,   24.4,   23.1,    0.0,   17.5,   30.8,   17.9,   26.9,   20.4,    0.0,  100.0,   99.9,    0.0,    0.1,     57,      6,.,.,.,      5,      0,      6,     11,.,     12,     13,      0,     28,     35,    65.3,    65.4,    81.1,    80.0,    52.9,    51.8,    64.8,    63.4,"(100,000 USD notional principal)","344605","CBT ","344 ","F50","FutOnly"
"MICRO BITCOIN - CHICAGO MERCANTILE EXCHANGE",251216,2025-12-16,133742,CME ,00,180 ,   33894,    1435,    4399,      16,    1948,    1197,      14,   14268,   21155,    1469,    6566,    2762,      98,   25814,   31110,    8080,    2784,    2424,    -135,    1100,       6,     -39,      82,     -23,     736,     162,     842,     531,     175,      27,    1945,    2371,     479,      53,  100.0,    4.2,   13.0,    0.0,    5.7,    3.5,    0.0,   42.1,   62.4,    4.3,   19.4,    8.1,    0.3,   76.2,   91.8,   23.8,    8.2,    229,      5,      6,.,      4,      5,.,     31,     26,     13,    106,     44,.,    156,     91,    31.7,    56.6,    42.6,    66.9,    31.3,    54.0,    41.0,    64.2,"(Bitcoin X $0.10)","133742","CME ","180 ","F84","FutOnly"
"Nano Bitcoin  - COINBASE DERIVATIVES, LLC",251216,2025-12-16,133LM1,FREX,00,180 ,   41060,       0,    2450,       0,       0,       0,       0,   14665,   19107,      61,   23854,   18669,       0,   38580,   40287,    2480,     773,   -6038,       0,     -50,       0,       0,       0,       0,   -7488,   -5078,      48,    1034,    -815,       0,   -6406,   -5895,     368,    -143,  100.0,    0.0,    6.0,    0.0,    0.0,    0.0,    0.0,   35.7,   46.5,    0.1,   58.1,   45.5,    0.0,   94.0,   98.1,    6.0,    1.9,    196,      0,.,      0,      0,      0,      0,      9,      5,.,    138,     43,      0,    147,     50,    38.4,    82.3,    54.9,    86.9,    38.4,    82.3,    54.9,    86.9,"(1/100 X Bitcoin = $300)","133LM1","FREX","180 ","F84","FutOnly"
"NANO BITCOIN PERP STYLE - COINBASE DERIVATIVES, LLC",251216,2025-12-16,133LM4,FREX,00,180 ,  127450,       0,     109,       0,       0,       0,       0,   28395,   51048,       0,   87574,   73248,       0,  115969,  124405,   11481,    3045,  -18261,       0,    -773,       0,       0,       0,       0,  -32776,  -18960,       0,   12798,    2296,       0,  -19978,  -17437,    1717,    -824,  100.0,    0.0,    0.1,    0.0,    0.0,    0.0,    0.0,   22.3,   40.1,    0.0,   68.7,   57.5,    0.0,   91.0,   97.6,    9.0,    2.4,    722,      0,.,      0,      0,      0,      0,      4,      5,      0,    509,    203,      0,    513,    209,    40.6,    47.2,    45.5,    58.9,    40.6,    47.2,    45.5,    58.9,"(1/100 X Bitcoin)","133LM4","FREX","180 ","F84","FutOnly"
"MICRO ETHER  - CHICAGO MERCANTILE EXCHANGE",251216,2025-12-16,146022,CME ,00,180 ,  216367,    2731,    1876,       0,     567,    3178,     368,  171095,  195167,    5749,   31569,    9122,      70,  212149,  215530,    4218,     837,   66614,   -8701,     814,       0,      -5,     624,     188,   71829,   60873,    2986,     329,    1278,      10,   66636,   66773,     -22,    -159,  100.0,    1.3,    0.9,    0.0,    0.3,    1.5,    0.2,   79.1,   90.2,    2.7,   14.6,    4.2,    0.0,   98.1,   99.6,    1.9,    0.4,    338,      4,.,      0,.,      4,.,     21,     18,.,    239,     47,.,    268,     76,    79.0,    88.8,    82.0,    93.3,    76.6,    88.8,    79.3,    91.9,"(0.1 Index Points)","146022","CME ","180 ","F84","FutOnly"
"NANO ETHER - COINBASE DERIVATIVES, LLC",251216,2025-12-16,146LM1,FREX,00,180 ,   91428,       0,       0,       0,       0,       0,       0,   20065,   79261,       0,   68975,   11601,      46,   89086,   90908,    2342,     520,   -7882,       0,       0,       0,       0,       0,       0,   -9321,    -580,      -1,    1048,   -6892,       0,   -8274,   -7473,     392,    -409,  100.0,    0.0,    0.0,    0.0,    0.0,    0.0,    0.0,   21.9,   86.7,    0.0,   75.4,   12.7,    0.1,   97.4,   99.4,    2.6,    0.6,    239,      0,      0,      0,      0,      0,      0,      7,      6,      0,    181,     45,.,    188,     52,    48.4,    85.6,    60.5,    92.3,    48.4,    85.6,    60.5,    92.3,"(0.1 Ether or 1/10 X$2,000 = $200)","146LM1","FREX","180 ","F84","FutOnly"
"NANO ETHER PERP STYLE - COINBASE DERIVATIVES, LLC",251216,2025-12-16,146LM3,FREX,00,180 ,  190296,       0,      66,       0,       0,       0,       0,     597,   81196,       0,  179738,  107519,       0,  180335,  188781,    9961,    1515,  -42646,       0,    -467,       0,       0,       0,       0,  -90067,   11768,       0,   46215,  -52674,       0,  -43852,  -41373,    1206,   -1273,  100.0,    0.0,    0.0,    0.0,    0.0,    0.0,    0.0,    0.3,   42.7,    0.0,   94.5,   56.5,    0.0,   94.8,   99.2,    5.2,    0.8,    838,      0,.,      0,      0,      0,      0,.,      8,      0,    667,    159,      0,    670,    168,    23.8,    49.7,    32.0,    74.2,    23.8,    49.7,    32.0,    74.2,"(1/10 X Ether)","146LM3","FREX","180 ","F84","FutOnly"
"DOGECOIN - COINBASE DERIVATIVES, LLC",251216,2025-12-16,168DC1,FREX,00,180 ,    4534,    3101,       0,       0,       0,       0,       0,     120,    3916,       0,     486,     234,       0,    3707,    4150,     827,     384,     178,     156,       0,       0,       0,       0,       0,    -149,     154,       0,     -60,     -64,       0,     -53,      90,     231,      88,  100.0,   68.4,    0.0,    0.0,    0.0,    0.0,    0.0,    2.6,   86.4,    0.0,   10.7,    5.2,    0.0,   81.8,   91.5,   18.2,    8.5,     22,.,      0,      0,      0,      0,      0,.,      7,      0,      9,      4,      0,     11,     11,    75.1,    83.8,    79.7,    89.4,    75.1,    83.8,    79.7,    89.4,"(5,000 Dogecoin X $0.12 = Contract $600)","168DC1","FREX","180 ","F84","FutOnly"
"POLKADOT - COINBASE DERIVATIVES, LLC",251216,2025-12-16,169LM1,FREX,00,180 ,    1192,       0,       0,       0,       0,       0,       0,     425,     368,       0,     516,     763,       0,     941,    1131,     251,      61,.,.,.,.,.,.,.,.,.,.,.,.,.,.,.,.,.,  100.0,    0.0,    0.0,    0.0,    0.0,    0.0,    0.0,   35.7,   30.9,    0.0,   43.3,   64.0,    0.0,   78.9,   94.9,   21.1,    5.1,     25,      0,      0,      0,      0,      0,      0,.,.,      0,     11,     11,      0,     12,     13,    53.0,    47.7,    67.2,    77.6,    53.0,    47.7,    67.2,    77.6,"(100 Polkadot x 6 = $600)","169LM1","FREX","180 ","F84","FutOnly"
"CHAINLINK - COINBASE DERIVATIVES, LLC",251216,2025-12-16,170LM1,FREX,00,180 ,    1891,       0,       0,       0,       0,       0,       0,     175,    1681,       0,    1109,     126,       0,    1284,    1807,     607,      84,     119,       0,       0,       0,       0,       0,       0,     175,     216,       0,    -171,     -44,       0,       4,     172,     115,     -53,  100.0,    0.0,    0.0,    0.0,    0.0,    0.0,    0.0,    9.3,   88.9,    0.0,   58.6,    6.7,    0.0,   67.9,   95.6,   32.1,    4.4,     23,      0,      0,      0,      0,      0,      0,.,.,      0,     17,.,      0,     19,      4,    26.2,    95.6,    42.8,    95.6,    26.2,    95.6,    42.8,    95.6,"(50 Chainlink x $15 = $750)","170LM1","FREX","180 ","F84","FutOnly"
"AVALANCHE - COINBASE DERIVATIVES, LLC",251216,2025-12-16,171LM1,FREX,00,180 ,    2323,       0,       0,       0,       0,       0,       0,     191,    1713,       0,    1729,     472,       0,    1920,    2185,     403,     138,    -264,       0,       0,       0,       0,       0,       0,      60,    -234,       0,     -77,     -70,       0,     -17,    -304,    -247,      40,  100.0,    0.0,    0.0,    0.0,    0.0,    0.0,    0.0,    8.2,   73.7,    0.0,   74.4,   20.3,    0.0,   82.7,   94.1,   17.3,    5.9,     33,      0,      0,      0,      0,      0,      0,.,.,      0,     26,      4,      0,     27,      6,    32.8,    90.2,    48.7,    94.1,    32.8,    90.2,    48.7,    94.1,"(10 Avalanche x $30 = $300)","171LM1","FREX","180 ","F84","FutOnly"
"CARDONA - COINBASE DERIVATIVES, LLC",251216,2025-12-16,174LM1,FREX,00,180 ,    2381,       0,       0,       0,       0,       0,       0,     409,    2014,       0,    1435,     216,       0,    1844,    2230,     537,     151,     657,       0,       0,       0,       0,       0,       0,      -7,    1693,       0,     569,    -891,       0,     562,     802,      95,    -145,  100.0,    0.0,    0.0,    0.0,    0.0,    0.0,    0.0,   17.2,   84.6,    0.0,   60.3,    9.1,    0.0,   77.4,   93.7,   22.6,    6.3,     29,      0,      0,      0,      0,      0,      0,.,.,      0,     23,.,      0,     24,      5,    37.5,    91.5,    53.5,    93.7,    37.5,    91.5,    53.5,    93.7,"(1,000 Cardano)","174LM1","FREX","180 ","F84","FutOnly"
"MICRO XRP - CHICAGO MERCANTILE EXCHANGE",251216,2025-12-16,176741,CME ,00,180 ,    6053,       0,       0,       0,       0,       0,       0,    4956,    5713,       1,     592,     203,       0,    5549,    5917,     504,     136,     208,       0,       0,       0,       0,       0,       0,      67,     275,     -22,      83,     -19,       0,     128,     234,      80,     -26,  100.0,    0.0,    0.0,    0.0,    0.0,    0.0,    0.0,   81.9,   94.4,    0.0,    9.8,    3.4,    0.0,   91.7,   97.8,    8.3,    2.2,     21,      0,      0,      0,      0,      0,      0,      5,      8,.,      6,.,      0,     12,     10,    87.5,    91.9,    90.4,    96.8,    87.5,    91.8,    90.4,    96.8,"(Contracts of 2,500 XRP)","176741","CME ","180 ","F84","FutOnly"
"NANO XRP - COINBASE DERIVATIVES, LLC",251216,2025-12-16,176LM1,FREX,00,180 ,   47108,       0,       0,       0,       0,       0,       0,   41477,   42498,      18,    4243,    4162,       0,   45738,   46678,    1370,     430,    4218,       0,       0,       0,       0,       0,       0,    3638,    4345,       1,     316,    -201,       0,    3955,    4145,     263,      73,  100.0,    0.0,    0.0,    0.0,    0.0,    0.0,    0.0,   88.0,   90.2,    0.0,    9.0,    8.8,    0.0,   97.1,   99.1,    2.9,    0.9,     63,      0,      0,      0,      0,      0,      0,.,      5,.,     47,      9,      0,     50,     14,    89.9,    97.7,    91.7,    98.6,    89.9,    97.6,    91.7,    98.6,"(500 XRP x $2.00 = $1000)","176LM1","FREX","180 ","F84","FutOnly"
"NANO XRP PERP STYLE - COINBASE DERIVATIVES, LLC",251216,2025-12-16,176LM3,FREX,00,180 ,   16608,       0,       0,       0,       0,       0,       0,    2048,   13379,       0,    9817,    2611,       0,   11865,   15990,    4743,     618,   -1311,       0,     -53,       0,       0,       0,       0,   -2903,   -1081,       0,    1245,    -190,       0,   -1658,   -1324,     347,      13,  100.0,    0.0,    0.0,    0.0,    0.0,    0.0,    0.0,   12.3,   80.6,    0.0,   59.1,   15.7,    0.0,   71.4,   96.3,   28.6,    3.7,    160,      0,      0,      0,      0,      0,      0,.,      4,      0,    131,     23,      0,    133,     27,    21.0,    83.2,    27.1,    88.9,    21.0,    83.2,    27.1,    88.9,"(500 XRP x $2.00 = $1000)","176LM3","FREX","180 ","F84","FutOnly"
"MICRO SOL - CHICAGO MERCANTILE EXCHANGE",251216,2025-12-16,177742,CME ,00,180 ,    5958,      19,       0,      52,       0,       0,       0,    3679,    5642,       4,    1381,      70,       0,    5135,    5768,     823,     190,    2565,     -26,       0,      20,       0,       0,       0,    2016,    2650,       2,     378,    -102,       0,    2390,    2570,     175,      -5,  100.0,    0.3,    0.0,    0.9,    0.0,    0.0,    0.0,   61.7,   94.7,    0.1,   23.2,    1.2,    0.0,   86.2,   96.8,   13.8,    3.2,     25,.,      0,.,      0,      0,      0,      7,      5,.,     10,.,      0,     19,      9,    70.8,    94.3,    80.2,    96.8,    70.8,    94.2,    80.0,    95.9,"(25 SOL, defined by CME CF Solana-Dollar Reference Rate)","177742","CME ","180 ","F84","FutOnly"
"NANO SOLANA - COINBASE DERIVATIVES, LLC",251216,2025-12-16,177LM1,FREX,00,180 ,   15625,       0,       0,       0,       0,       0,       0,   10350,    8916,       0,    3856,    6433,       0,   14206,   15349,    1419,     276,    2426,       0,       0,       0,       0,       0,       0,     674,      67,       0,    1490,    2468,       0,    2164,    2535,     262,    -109,  100.0,    0.0,    0.0,    0.0,    0.0,    0.0,    0.0,   66.2,   57.1,    0.0,   24.7,   41.2,    0.0,   90.9,   98.2,    9.1,    1.8,     67,      0,      0,      0,      0,      0,      0,.,      4,      0,     40,     20,      0,     43,     24,    71.7,    87.9,    78.5,    93.7,    71.7,    87.9,    78.5,    93.7,"(5 Solana x $250 = $1250)","177LM1","FREX","180 ","F84","FutOnly"
"NANO SOLANA PERP STYLE - COINBASE DERIVATIVES, LLC",251216,2025-12-16,177LM3,FREX,00,180 ,   37389,       0,       0,       0,       0,       0,       0,    2572,   27722,       0,   28935,    9117,       0,   31507,   36839,    5882,     550,    4947,       0,     -79,       0,       0,       0,       0,     821,    3593,       0,    3411,    1626,       0,    4232,    5140,     715,    -193,  100.0,    0.0,    0.0,    0.0,    0.0,    0.0,    0.0,    6.9,   74.1,    0.0,   77.4,   24.4,    0.0,   84.3,   98.5,   15.7,    1.5,    319,      0,      0,      0,      0,      0,      0,      4,.,      0,    268,     44,      0,    272,     47,    12.4,    78.1,    21.0,    88.8,    12.4,    78.1,    21.0,    88.8,"(5 Solana x $180 = $900)","177LM3","FREX","180 ","F84","FutOnly"
"BITCOIN - CHICAGO MERCANTILE EXCHANGE",251216,2025-12-16,133741,CME ,00,133 ,   24502,    7117,    2537,     916,    7511,     686,     692,    3092,   15635,    1454,    2662,    1399,      33,   23477,   23352,    1025,    1150,    -291,    -938,     140,      65,    -587,     -60,     227,     789,   -1538,     666,    -408,     107,      32,    -154,    -361,    -137,      70,  100.0,   29.0,   10.4,    3.7,   30.7,    2.8,    2.8,   12.6,   63.8,    5.9,   10.9,    5.7,    0.1,   95.8,   95.3,    4.2,    4.7,    135,      7,     10,.,      7,      9,      4,     27,     54,     27,     10,      9,.,     72,     98,    68.8,    27.0,    77.5,    43.5,    66.4,    25.7,    72.1,    39.4,"(5 Bitcoins)","133741","CME ","133 ","F85","FutOnly"
"ETHER CASH SETTLED - CHICAGO MERCANTILE EXCHANGE",251216,2025-12-16,146021,CME ,00,146 ,   41074,   22249,   11671,    6023,    2517,    1136,     890,    2191,   14030,    5841,     385,     776,       0,   40096,   40367,     978,     707,   -1258,   -1690,     157,    -287,    -680,    -184,     200,      29,   -3110,    1283,     -85,     636,       0,   -1230,   -1305,     -28,      47,  100.0,   54.2,   28.4,   14.7,    6.1,    2.8,    2.2,    5.3,   34.2,   14.2,    0.9,    1.9,    0.0,   97.6,   98.3,    2.4,    1.7,    100,      5,      7,.,.,      7,.,     20,     39,     15,     10,      8,      0,     50,     69,    81.9,    51.2,    89.8,    68.2,    60.7,    32.4,    62.5,    46.7,"(50 Index Points)","146021","CME ","146 ","F85","FutOnly"
"XRP - CHICAGO MERCANTILE EXCHANGE",251216,2025-12-16,176740,CME ,00,176 ,    7769,    5721,     765,      48,     851,     653,       0,     963,    4932,      45,       0,    1137,       0,    7628,    7580,     141,     189,     -56,    -528,     235,      48,     -80,     -89,       0,     494,    -250,      19,       0,       1,       0,     -47,     -36,      -9,     -20,  100.0,   73.6,    9.8,    0.6,   11.0,    8.4,    0.0,   12.4,   63.5,    0.6,    0.0,   14.6,    0.0,   98.2,   97.6,    1.8,    2.4,     32,.,.,.,.,.,      0,      6,     14,.,      0,      4,      0,     13,     23,    84.6,    48.3,    96.6,    69.8,    84.6,    48.2,    96.6,    69.8,"(Contracts of 50,000 XRP)","176740","CME ","176 ","F85","FutOnly"
"SOL - CHICAGO MERCANTILE EXCHANGE",251216,2025-12-16,177741,CME ,00,177 ,   14596,   11516,    4758,      56,     781,    2442,       0,    1613,    6326,     174,     148,     519,       0,   14288,   14275,     308,     321,    -565,    -579,     183,      17,    -103,     -53,       0,     -55,   -1027,     133,      56,     187,       0,    -531,    -560,     -34,      -5,  100.0,   78.9,   32.6,    0.4,    5.4,   16.7,    0.0,   11.1,   43.3,    1.2,    1.0,    3.6,    0.0,   97.9,   97.8,    2.1,    2.2,     54,.,      5,.,.,.,      0,     11,     24,.,.,      4,      0,     21,     38,    90.4,    46.1,    94.6,    66.3,    90.4,    46.1,    94.0,    66.1,"(500 SOL- CME CF Solana - Dollar Reference Rate)","177741","CME ","177 ","F85","FutOnly"
"USD INDEX - ICE FUTURES U.S.",251216,2025-12-16,098662,ICUS,01,098 ,   26994,    3621,     765,       0,    4467,    2156,    1800,   11803,   14010,     263,    2903,    5269,       0,   24857,   24263,    2137,    2731,  -15978,  -14862,     703,    -702,   -2314,     -94,      -4,    4895,  -14158,   -1298,    -506,     -78,     -79,  -14870,  -15710,   -1108,    -268,  100.0,   13.4,    2.8,    0.0,   16.5,    8.0,    6.7,   43.7,   51.9,    1.0,   10.8,   19.5,    0.0,   92.1,   89.9,    7.9,   10.1,    114,      4,.,      0,     13,     10,      4,     19,     27,.,     20,     19,      0,     59,     62,    40.1,    39.3,    56.4,    54.8,    37.0,    39.3,    50.7,    52.0,"(U.S. DOLLAR INDEX X $1000)","098662","ICUS","098 ","F90","FutOnly"
"VIX FUTURES - CBOE FUTURES EXCHANGE",251216,2025-12-16,1170E1,E   ,00,117 ,  407195,   87921,   52108,   36065,   54677,   64001,   57916,   59115,   84711,   78608,    2228,    1617,    6692,  383222,  381718,   23973,   25477,   -1549,   -6091,     967,    7479,   -9533,    -453,    9277,   -3191,  -21115,    4256,    -393,    -797,     596,    2400,     210,   -3949,   -1759,  100.0,   21.6,   12.8,    8.9,   13.4,   15.7,   14.2,   14.5,   20.8,   19.3,    0.5,    0.4,    1.6,   94.1,   93.7,    5.9,    6.3,    179,     10,     19,     19,     12,     28,     25,     41,     46,     51,      4,      7,     12,    139,    147,    38.1,    17.2,    48.2,    29.0,    31.4,    13.7,    36.9,    21.4,"($1000 X INDEX)","1170E1","E   ","117 ","F90","FutOnly"
"BBG COMMODITY - CHICAGO BOARD OF TRADE",251216,2025-12-16,221602,CBT ,00,221 ,  226310,  152417,  206566,       0,   53189,    1742,    4640,   13028,   12773,     571,    1846,       0,       0,  225691,  226292,     619,      18,   -1526,     -14,   -2092,       0,   -1979,       0,       0,    -541,     115,     521,     503,     -75,       0,   -1510,   -1531,     -16,       5,  100.0,   67.3,   91.3,    0.0,   23.5,    0.8,    2.1,    5.8,    5.6,    0.3,    0.8,    0.0,    0.0,   99.7,  100.0,    0.3,    0.0,     79,      8,      4,      0,     23,.,.,     12,      7,.,     22,      0,      0,     66,     17,    81.5,    91.3,    89.7,    97.9,    81.5,    91.3,    88.2,    96.6,"($100 X INDEX)","221602","CBT ","221 ","F90","FutOnly"
