CANADIAN DOLLAR - CHICAGO MERCANTILE EXCHANGE,260217,2026-02-17,090741,CME ,00,090 ,  218415,   31674,   79347,     309,  107608,   39044,    5462,   22004,   64038,    4252,   16595,       0,      32,  187936,  192484,   30479,   25931,    3378,   -6760,   11698,     293,    6396,   -5273,      70,    3055,   -5919,    1191,     179,       0,      32,    4456,    2092,   -1078,    1286,  100.0,   14.5,   36.3,    0.1,   49.3,   17.9,    2.5,   10.1,   29.3,    1.9,    7.6,    0.0,    0.0,   86.0,   88.1,   14.0,   11.9,    120,      5,      8,.,     26,     15,      9,     18,     34,     13,     14,      0,.,     81,     65,    45.4,    40.5,    53.5,    50.8,    45.3,    40.5,    52.5,    50.7,"(CONTRACTS OF CAD 100,000)",090741,CME ,090 ,F10,FutOnly
CANADIAN DOLLAR - CHICAGO MERCANTILE EXCHANGE,260210,2026-02-10,090741,CME ,00,090 ,  215037,   38434,   67649,      16,  101212,   44317,    5392,   18949,   69957,    3061,   16416,       0,       0,  183480,  190392,   31557,   24645,   -1215,   -9219,    3717,     -40,    5344,   -2963,     469,     518,   -1329,    -270,    1656,       0,       0,   -1542,    -416,     327,    -799,  100.0,   17.9,   31.5,    0.0,   47.1,   20.6,    2.5,    8.8,   32.5,    1.4,    7.6,    0.0,    0.0,   85.3,   88.5,   14.7,   11.5,    120,      7,      9,.,     25,     14,      9,     18,     33,      9,     14,      0,      0,     78,     62,    46.5,    37.5,    54.5,    49.6,    46.5,    37.5,    53.8,    49.6,"(CONTRACTS OF CAD 100,000)",090741,CME ,090 ,F10,FutOnly
CANADIAN DOLLAR - CHICAGO MERCANTILE EXCHANGE,260203,2026-02-03,090741,CME ,00,090 ,  216252,   47653,   63932,      56,   95868,   47280,    4923,   18431,   71286,    3331,   14760,       0,       0,  185022,  190808,   31230,   25444,  -10952,  -18435,    7679,     -11,   12136,  -10503,    -389,   -7499,   -6860,     580,     -13,    -653,       0,  -13631,  -10157,    2679,    -795,  100.0,   22.0,   29.6,    0.0,   44.3,   21.9,    2.3,    8.5,   33.0,    1.5,    6.8,    0.0,    0.0,   85.6,   88.2,   14.4,   11.8,    116,      8,      9,.,     23,     16,      8,     18,     30,     12,     12,      0,      0,     78,     61,    45.0,    35.8,    52.5,    50.6,    45.0,    35.8,    52.0,    50.6,"(CONTRACTS OF CAD 100,000)",090741,CME ,090 ,F10,FutOnly
CANADIAN DOLLAR - CHICAGO MERCANTILE EXCHANGE,260127,2026-01-27,090741,CME ,00,090 ,  227204,   66088,   56253,      67,   83732,   57783,    5312,   25930,   78146,    2751,   14773,     653,       0,  198653,  200965,   28551,   26239,   13607,   -4406,   27725,    -293,    9913,  -11011,    -185,   10342,    5201,   -2773,     202,     653,       0,   12800,   19317,     807,   -5710,  100.0,   29.1,   24.8,    0.0,   36.9,   25.4,    2.3,   11.4,   34.4,    1.2,    6.5,    0.3,    0.0,   87.4,   88.5,   12.6,   11.5,    123,      8,      8,.,     22,     15,      9,     25,     31,     10,     12,.,      0,     78,     66,    48.2,    33.8,    56.1,    49.9,    48.2,    33.8,    55.9,    49.9,"(CONTRACTS OF CAD 100,000)",090741,CME ,090 ,F10,FutOnly
CANADIAN DOLLAR - CHICAGO MERCANTILE EXCHANGE,260120,2026-01-20,090741,CME ,00,090 ,  213597,   70494,   28528,     360,   73819,   68794,    5497,   15588,   72945,    5524,   14571,       0,       0,  185853,  181648,   27744,   31949,   -5666,    -711,   -4372,     227,    2368,    5387,   -1697,   -6812,   -5154,    -332,    1656,       0,       0,   -5301,   -5941,    -365,     275,  100.0,   33.0,   13.4,    0.2,   34.6,   32.2,    2.6,    7.3,   34.2,    2.6,    6.8,    0.0,    0.0,   87.0,   85.0,   13.0,   15.0,    116,      7,      8,.,     19,     19,      9,     18,     34,      6,     11,      0,      0,     65,     68,    49.6,    30.3,    59.8,    46.7,    49.6,    30.3,    58.7,    46.7,"(CONTRACTS OF CAD 100,000)",090741,CME ,090 ,F10,FutOnly
CANADIAN DOLLAR - CHICAGO MERCANTILE EXCHANGE,260113,2026-01-13,090741,CME ,00,090 ,  219263,   71205,   32900,     133,   71451,   63407,    7194,   22400,   78099,    5856,   12915,       0,       0,  191154,  187589,   28109,   31674,     523,   -5295,  -10534,     111,     392,    1675,     597,    6370,    4973,     674,     978,   -1757,       0,    3827,   -4261,   -3304,    4784,  100.0,   32.5,   15.0,    0.1,   32.6,   28.9,    3.3,   10.2,   35.6,    2.7,    5.9,    0.0,    0.0,   87.2,   85.6,   12.8,   14.4,    120,      8,      8,.,     19,     18,      9,     24,     32,     10,     11,      0,      0,     75,     65,    46.8,    35.6,    57.6,    49.1,    46.8,    35.6,    56.1,    48.4,"(CONTRACTS OF CAD 100,000)",090741,CME ,090 ,F10,FutOnly
CANADIAN DOLLAR - CHICAGO MERCANTILE EXCHANGE,260106,2026-01-06,090741,CME ,00,090 ,  218740,   76500,   43434,      22,   71059,   61732,    6597,   16030,   73126,    5182,   11937,    1757,       0,  187327,  191850,   31413,   26890,    7569,    1541,   -1080,       0,    -711,     945,    1389,    1716,     134,    3919,   -1516,    1131,       0,    6338,    6438,    1231,    1131,  100.0,   35.0,   19.9,    0.0,   32.5,   28.2,    3.0,    7.3,   33.4,    2.4,    5.5,    0.8,    0.0,   85.6,   87.7,   14.4,   12.3,    122,     11,      7,.,     21,     17,      6,     20,     33,     10,     10,.,      0,     74,     65,    46.8,    35.3,    57.9,    47.7,    46.8,    35.3,    57.1,    46.9,"(CONTRACTS OF CAD 100,000)",090741,CME ,090 ,F10,FutOnly
SWISS FRANC - CHICAGO MERCANTILE EXCHANGE,260217,2026-02-17,092741,CME ,00,092 ,   95743,   56518,    8658,    1963,    4803,   58674,    1761,    7841,    5386,      50,    2250,     979,     713,   75899,   78184,   19844,   17559,     -56,     516,     663,     233,       0,    1301,     123,     443,   -2812,    -801,     100,    -378,    -358,     256,   -2029,    -312,    1973,  100.0,   59.0,    9.0,    2.1,    5.0,   61.3,    1.8,    8.2,    5.6,    0.1,    2.4,    1.0,    0.7,   79.3,   81.7,   20.7,   18.3,     45,      6,      5,.,.,      9,.,     11,      5,.,.,.,.,     27,     26,    62.3,    60.2,    67.5,    72.1,    60.5,    58.8,    65.3,    70.7,"(CONTRACTS OF CHF 125,000)",092741,CME ,092 ,F10,FutOnly
SWISS FRANC - CHICAGO MERCANTILE EXCHANGE,260210,2026-02-10,092741,CME ,00,092 ,   95799,   56002,    7995,    1730,    4803,   57373,    1638,    7398,    8198,     851,    2150,    1357,    1071,   75643,   80213,   20156,   15586,    2244,    -306,      50,       0,    -562,     736,     380,    -235,     926,     266,     400,     450,       3,     -54,    2811,    2298,    -567,  100.0,   58.5,    8.3,    1.8,    5.0,   59.9,    1.7,    7.7,    8.6,    0.9,    2.2,    1.4,    1.1,   79.0,   83.7,   21.0,   16.3,     48,      6,      4,.,.,      9,.,     11,      9,      4,.,.,.,     30,     28,    61.1,    58.8,    66.4,    70.6,    59.3,    57.5,    64.3,    69.3,"(CONTRACTS OF CHF 125,000)",092741,CME ,092 ,F10,FutOnly
SWISS FRANC - CHICAGO MERCANTILE EXCHANGE,260203,2026-02-03,092741,CME ,00,092 ,   93555,   56308,    7945,    1730,    5365,   56637,    1258,    7633,    7272,     585,    1750,     907,    1068,   75697,   77402,   17858,   16153,   -2556,   -4361,     219,    1730,     532,   -1265,     118,   -1186,   -2272,     513,     750,     271,       0,   -1904,    -686,    -652,   -1870,  100.0,   60.2,    8.5,    1.8,    5.7,   60.5,    1.3,    8.2,    7.8,    0.6,    1.9,    1.0,    1.1,   80.9,   82.7,   19.1,   17.3,     47,      5,      4,.,      4,      9,.,     13,      7,.,.,.,.,     28,     26,    63.4,    58.9,    69.2,    70.9,    61.5,    57.6,    67.0,    69.6,"(CONTRACTS OF CHF 125,000)",092741,CME ,092 ,F10,FutOnly
SWISS FRANC - CHICAGO MERCANTILE EXCHANGE,260127,2026-01-27,092741,CME ,00,092 ,   96111,   60669,    7726,       0,    4833,   57902,    1140,    8819,    9544,      72,    1000,     636,    1068,   77601,   78088,   18510,   18023,   -1974,   -4864,    2148,       0,   -1495,   -4113,     -73,    -301,     389,     -10,       0,     168,     119,   -6624,   -1372,    4650,    -602,  100.0,   63.1,    8.0,    0.0,    5.0,   60.2,    1.2,    9.2,    9.9,    0.1,    1.0,    0.7,    1.1,   80.7,   81.2,   19.3,   18.8,     46,      5,      5,      0,.,     11,.,     13,      6,      4,.,.,.,     25,     27,    64.1,    57.5,    70.5,    69.2,    64.1,    56.3,    70.4,    68.0,"(CONTRACTS OF CHF 125,000)",092741,CME ,092 ,F10,FutOnly
SWISS FRANC - CHICAGO MERCANTILE EXCHANGE,260120,2026-01-20,092741,CME ,00,092 ,   98085,   65533,    5578,       0,    6328,   62015,    1213,    9120,    9155,      82,    1000,     468,     949,   84225,   79460,   13860,   18625,    1865,    2379,    -740,       0,    -438,    2223,       5,    -944,   -1480,      31,       0,       0,     949,    1982,     988,    -117,     877,  100.0,   66.8,    5.7,    0.0,    6.5,   63.2,    1.2,    9.3,    9.3,    0.1,    1.0,    0.5,    1.0,   85.9,   81.0,   14.1,   19.0,     46,      5,.,      0,      6,     12,.,     10,      7,.,.,.,.,     25,     26,    67.1,    56.3,    75.1,    70.1,    67.1,    55.7,    75.1,    68.8,"(CONTRACTS OF CHF 125,000)",092741,CME ,092 ,F10,FutOnly
SWISS FRANC - CHICAGO MERCANTILE EXCHANGE,260113,2026-01-13,092741,CME ,00,092 ,   96220,   63154,    6318,       0,    6766,   59792,    1208,   10064,   10635,      51,    1000,     468,       0,   82243,   78472,   13977,   17748,    5842,    4466,    -640,       0,    1442,    4577,      21,    1515,     846,     -21,       0,       0,       0,    7423,    4783,   -1581,    1059,  100.0,   65.6,    6.6,    0.0,    7.0,   62.1,    1.3,   10.5,   11.1,    0.1,    1.0,    0.5,    0.0,   85.5,   81.6,   14.5,   18.4,     44,      6,      4,      0,      5,     12,.,     11,      4,.,.,.,      0,     25,     23,    65.4,    55.3,    73.9,    70.2,    65.4,    55.3,    73.9,    69.1,"(CONTRACTS OF CHF 125,000)",092741,CME ,092 ,F10,FutOnly
SWISS FRANC - CHICAGO MERCANTILE EXCHANGE,260106,2026-01-06,092741,CME ,00,092 ,   90378,   58688,    6958,       0,    5324,   55215,    1187,    8549,    9789,      72,    1000,     468,       0,   74820,   73689,   15558,   16689,    1254,     905,     832,       0,      92,     798,     130,    1370,   -2223,     -25,       0,       0,       0,    2472,    -488,   -1218,    1742,  100.0,   64.9,    7.7,    0.0,    5.9,   61.1,    1.3,    9.5,   10.8,    0.1,    1.1,    0.5,    0.0,   82.8,   81.5,   17.2,   18.5,     40,      6,.,      0,.,     11,.,     10,      5,.,.,.,      0,     23,     22,    65.4,    54.9,    73.9,    70.2,    65.4,    54.8,    73.8,    68.9,"(CONTRACTS OF CHF 125,000)",092741,CME ,092 ,F10,FutOnly
BRITISH POUND - CHICAGO MERCANTILE EXCHANGE,260217,2026-02-17,096742,CME ,00,096 ,  238845,   63206,   17673,    5383,   44919,  138462,    7350,   74888,   32522,    8931,    1321,     427,       0,  205998,  210748,   32847,   28097,   11271,    9841,  -11729,    2819,   -5218,    9724,    -106,    1363,    2476,    5596,     429,       0,       0,   14724,    8780,   -3453,    2491,  100.0,   26.5,    7.4,    2.3,   18.8,   58.0,    3.1,   31.4,   13.6,    3.7,    0.6,    0.2,    0.0,   86.2,   88.2,   13.8,   11.8,    103,      5,      7,.,     17,     27,      9,     24,     20,      9,.,.,      0,     61,     63,    32.2,    39.5,    47.4,    50.1,    31.0,    39.3,    46.2,    48.5,"(CONTRACTS OF GBP 62,500)",096742,CME ,096 ,F10,FutOnly
BRITISH POUND - CHICAGO MERCANTILE EXCHANGE,260210,2026-02-10,096742,CME ,00,096 ,  227574,   53365,   29402,    2564,   50137,  128738,    7456,   73525,   30046,    3335,     892,     427,       0,  191274,  201968,   36300,   25606,    -314,     669,      51,     357,   -4497,    7416,     957,      79,   -7989,     592,    -620,       0,       0,   -2463,    1384,    2149,   -1698,  100.0,   23.4,   12.9,    1.1,   22.0,   56.6,    3.3,   32.3,   13.2,    1.5,    0.4,    0.2,    0.0,   84.0,   88.7,   16.0,   11.3,    101,      5,      8,.,     18,     27,      9,     25,     16,     10,.,.,      0,     62,     61,    32.0,    39.4,    48.6,    49.8,    31.3,    39.3,    47.4,    49.8,"(CONTRACTS OF GBP 62,500)",096742,CME ,096 ,F10,FutOnly
BRITISH POUND - CHICAGO MERCANTILE EXCHANGE,260203,2026-02-03,096742,CME ,00,096 ,  227888,   52696,   29351,    2207,   54634,  121322,    6499,   73446,   38035,    2743,    1512,     427,       0,  193737,  200584,   34151,   27304,    3429,   -1997,    1944,      -7,    5730,   -3169,    1100,    1038,    2770,       9,      25,    -600,       0,    5898,    2047,   -2469,    1382,  100.0,   23.1,   12.9,    1.0,   24.0,   53.2,    2.9,   32.2,   16.7,    1.2,    0.7,    0.2,    0.0,   85.0,   88.0,   15.0,   12.0,    106,      7,      8,      4,     17,     27,      8,     28,     16,      8,.,.,      0,     65,     61,    34.6,    35.3,    50.4,    47.4,    34.0,    35.3,    49.6,    47.4,"(CONTRACTS OF GBP 62,500)",096742,CME ,096 ,F10,FutOnly
BRITISH POUND - CHICAGO MERCANTILE EXCHANGE,260127,2026-01-27,096742,CME ,00,096 ,  224459,   54693,   27407,    2214,   48904,  124491,    5399,   72408,   35265,    2734,    1487,    1027,       0,  187839,  198537,   36620,   25922,   16847,   -1684,   11986,    -412,    7888,   -3018,     499,    5973,    9608,     760,     446,    -153,       0,   13470,   19270,    3377,   -2423,  100.0,   24.4,   12.2,    1.0,   21.8,   55.5,    2.4,   32.3,   15.7,    1.2,    0.7,    0.5,    0.0,   83.7,   88.5,   16.3,   11.5,    109,      6,      8,      5,     14,     29,     10,     28,     19,     10,.,.,      0,     67,     67,    35.2,    37.2,    51.4,    48.8,    34.5,    37.2,    50.1,    48.7,"(CONTRACTS OF GBP 62,500)",096742,CME ,096 ,F10,FutOnly
BRITISH POUND - CHICAGO MERCANTILE EXCHANGE,260120,2026-01-20,096742,CME ,00,096 ,  207612,   56377,   15421,    2626,   41016,  127509,    4900,   66435,   25657,    1974,    1041,    1180,       0,  174369,  179267,   33243,   28345,    -255,    -476,     369,     689,   -2841,    3718,   -1064,    -105,   -2793,    -715,    -154,     262,       0,   -4666,     466,    4411,    -721,  100.0,   27.2,    7.4,    1.3,   19.8,   61.4,    2.4,   32.0,   12.4,    1.0,    0.5,    0.6,    0.0,   84.0,   86.3,   16.0,   13.7,    106,      7,      8,      4,     13,     32,     10,     22,     20,      6,.,.,      0,     57,     69,    36.2,    38.6,    53.8,    47.5,    35.8,    38.6,    52.8,    47.3,"(CONTRACTS OF GBP 62,500)",096742,CME ,096 ,F10,FutOnly
BRITISH POUND - CHICAGO MERCANTILE EXCHANGE,260113,2026-01-13,096742,CME ,00,096 ,  207867,   56853,   15052,    1937,   43857,  123791,    5964,   66540,   28450,    2689,    1195,     918,       0,  179035,  178801,   28832,   29066,    1553,   -1407,    3955,     659,   -2549,   -1057,      -6,    6406,   -2737,    -479,    -264,     491,       0,    2360,     826,    -807,     727,  100.0,   27.4,    7.2,    0.9,   21.1,   59.6,    2.9,   32.0,   13.7,    1.3,    0.6,    0.4,    0.0,   86.1,   86.0,   13.9,   14.0,    110,      7,      8,.,     14,     30,     11,     25,     22,      5,.,.,      0,     61,     68,    37.4,    38.4,    55.0,    47.2,    36.7,    38.3,    54.3,    47.0,"(CONTRACTS OF GBP 62,500)",096742,CME ,096 ,F10,FutOnly
BRITISH POUND - CHICAGO MERCANTILE EXCHANGE,260106,2026-01-06,096742,CME ,00,096 ,  206314,   58260,   11097,    1278,   46406,  124848,    5970,   60134,   31187,    3168,    1459,     427,       0,  176675,  177975,   29639,   28339,   10311,   -2575,    1701,     494,    3160,    4621,    1438,    3792,     536,     866,     -95,       0,       0,    7080,    9656,    3231,     655,  100.0,   28.2,    5.4,    0.6,   22.5,   60.5,    2.9,   29.1,   15.1,    1.5,    0.7,    0.2,    0.0,   85.6,   86.3,   14.4,   13.7,    109,      8,      7,.,     14,     31,      9,     23,     23,      7,.,.,      0,     57,     71,    37.3,    38.7,    55.0,    47.5,    36.5,    38.7,    54.2,    47.3,"(CONTRACTS OF GBP 62,500)",096742,CME ,096 ,F10,FutOnly
JAPANESE YEN - CHICAGO MERCANTILE EXCHANGE,260217,2026-02-17,097741,CME ,00,097 ,  354328,   29223,  110160,    7398,   76665,   36119,   39412,   82783,  112104,    3348,   71506,    5007,    4827,  315162,  318375,   39166,   35953,   19380,   -9163,   35737,    -314,    3551,  -11479,    3901,   12900,  -11646,      20,   10812,    2274,     -20,   21687,   18473,   -2307,     907,  100.0,    8.2,   31.1,    2.1,   21.6,   10.2,   11.1,   23.4,   31.6,    0.9,   20.2,    1.4,    1.4,   88.9,   89.9,   11.1,   10.1,    148,      9,     13,      5,     27,     17,     15,     30,     34,     10,     12,      5,.,     95,     86,    31.8,    46.6,    48.4,    57.8,    29.5,    41.9,    42.2,    51.2,"(CONTRACTS OF JPY 12,500,000)",097741,CME ,097 ,F10,FutOnly
JAPANESE YEN - CHICAGO MERCANTILE EXCHANGE,260210,2026-02-10,097741,CME ,00,097 ,  334948,   38386,   74423,    7712,   73114,   47598,   35511,   69883,  123750,    3328,   60694,    2733,    4847,  293475,  299902,   41473,   35046,   31275,   -2250,    2851,    6392,    -174,    6940,    2952,   11484,   10899,    -587,   11126,    1118,      -1,   28942,   30564,    2333,     711,  100.0,   11.5,   22.2,    2.3,   21.8,   14.2,   10.6,   20.9,   36.9,    1.0,   18.1,    0.8,    1.4,   87.6,   89.5,   12.4,   10.5,    162,     11,     12,      4,     27,     21,     14,     35,     38,     11,     13,      4,.,    100,     94,    28.5,    43.3,    45.9,    54.4,    25.7,    36.3,    38.3,    46.0,"(CONTRACTS OF JPY 12,500,000)",097741,CME ,097 ,F10,FutOnly
JAPANESE YEN - CHICAGO MERCANTILE EXCHANGE,260203,2026-02-03,097741,CME ,00,097 ,  303673,   40636,   71572,    1320,   73288,   40658,   32559,   58399,  112851,    3915,   49568,    1615,    4848,  264533,  269338,   39140,   34335,    2947,   -3862,   19066,    -101,    3612,    -521,   -2477,    6315,  -10999,    -378,    3479,    -421,       5,    6593,    4174,   -3646,   -1227,  100.0,   13.4,   23.6,    0.4,   24.1,   13.4,   10.7,   19.2,   37.2,    1.3,   16.3,    0.5,    1.6,   87.1,   88.7,   12.9,   11.3,    146,      9,     13,.,     27,     19,     14,     28,     32,      8,     14,.,.,     91,     83,    28.4,    46.9,    45.0,    57.2,    26.2,    39.5,    38.3,    49.4,"(CONTRACTS OF JPY 12,500,000)",097741,CME ,097 ,F10,FutOnly
JAPANESE YEN - CHICAGO MERCANTILE EXCHANGE,260127,2026-01-27,097741,CME ,00,097 ,  300726,   44498,   52506,    1421,   69676,   41179,   35036,   52084,  123850,    4293,   46089,    2036,    4843,  257940,  265164,   42786,   35562,    8119,    6032,   31167,      29,    4491,   -6276,    -308,    -875,  -13846,    2363,   -2183,     -45,   -1169,    8380,   11915,    -261,   -3796,  100.0,   14.8,   17.5,    0.5,   23.2,   13.7,   11.7,   17.3,   41.2,    1.4,   15.3,    0.7,    1.6,   85.8,   88.2,   14.2,   11.8,    160,     12,     11,.,     27,     22,     14,     26,     45,     10,     12,      4,.,     90,    100,    29.1,    39.3,    44.6,    51.0,    26.5,    34.1,    38.1,    44.5,"(CONTRACTS OF JPY 12,500,000)",097741,CME ,097 ,F10,FutOnly
JAPANESE YEN - CHICAGO MERCANTILE EXCHANGE,260120,2026-01-20,097741,CME ,00,097 ,  292607,   38466,   21339,    1392,   65185,   47455,   35344,   52959,  137696,    1930,   48272,    2081,    6012,  249560,  253249,   43047,   39358,   -1635,    6822,    4085,    -925,  -10619,    -126,    6940,    9090,   -4823,    -470,  -10497,       4,    -663,    -322,    4022,   -1313,   -5657,  100.0,   13.1,    7.3,    0.5,   22.3,   16.2,   12.1,   18.1,   47.1,    0.7,   16.5,    0.7,    2.1,   85.3,   86.5,   14.7,   13.5,    160,     12,     11,.,     23,     23,     13,     29,     44,      9,     13,      4,      4,     88,    101,    28.2,    34.9,    44.0,    45.7,    25.4,    29.6,    38.2,    39.8,"(CONTRACTS OF JPY 12,500,000)",097741,CME ,097 ,F10,FutOnly
JAPANESE YEN - CHICAGO MERCANTILE EXCHANGE,260113,2026-01-13,097741,CME ,00,097 ,  294242,   31644,   17254,    2317,   75804,   47581,   28404,   43869,  142519,    2400,   58769,    2077,    6675,  249882,  249227,   44360,   45015,    6527,   23304,  -44160,   -1609,  -16592,    1633,   13960,   -4029,   31391,    -485,   -9532,     279,      23,    5040,    1032,    1487,    5495,  100.0,   10.8,    5.9,    0.8,   25.8,   16.2,    9.7,   14.9,   48.4,    0.8,   20.0,    0.7,    2.3,   84.9,   84.7,   15.1,   15.3,    159,     13,      9,.,     24,     23,     13,     22,     49,     11,     14,      4,.,     85,    103,    29.9,    32.6,    43.6,    42.9,    25.4,    28.5,    36.7,    38.1,"(CONTRACTS OF JPY 12,500,000)",097741,CME ,097 ,F10,FutOnly
JAPANESE YEN - CHICAGO MERCANTILE EXCHANGE,260106,2026-01-06,097741,CME ,00,097 ,  287715,    8340,   61414,    3926,   92396,   45948,   14444,   47898,  111128,    2885,   68301,    1798,    6652,  244842,  248195,   42873,   39520,    1583,    1527,  -10502,    2475,  -10164,   -3161,    6723,   14811,    3894,    -557,  -14281,       7,    -478,      56,   -1599,    1527,    3182,  100.0,    2.9,   21.3,    1.4,   32.1,   16.0,    5.0,   16.6,   38.6,    1.0,   23.7,    0.6,    2.3,   85.1,   86.3,   14.9,   13.7,    148,      7,     15,.,     26,     20,     13,     23,     38,      8,     15,.,.,     83,     91,    35.1,    37.1,    50.4,    47.2,    32.8,    37.1,    47.4,    46.6,"(CONTRACTS OF JPY 12,500,000)",097741,CME ,097 ,F10,FutOnly
EURO FX - CHICAGO MERCANTILE EXCHANGE,260217,2026-02-17,099741,CME ,00,099 ,  916813,   54606,  579530,    6212,  549252,  135539,   35640,  126502,   82953,   16100,   28570,   14105,    3258,  820140,  873337,   96673,   43476,   -9460,   -1294,   -6505,    -233,    2653,    -522,     258,   -6191,     464,   -6898,     -13,    -559,     -40,  -11758,  -14035,    2298,    4575,  100.0,    6.0,   63.2,    0.7,   59.9,   14.8,    3.9,   13.8,    9.0,    1.8,    3.1,    1.5,    0.4,   89.5,   95.3,   10.5,    4.7,    329,     16,     13,     10,    127,     33,     44,     57,     39,     20,     31,     13,.,    255,    151,    18.2,    58.8,    28.9,    70.7,    17.5,    58.8,    28.0,    70.6,"(CONTRACTS OF EUR 125,000)",099741,CME ,099 ,F10,FutOnly
EURO FX - CHICAGO MERCANTILE EXCHANGE,260210,2026-02-10,099741,CME ,00,099 ,  926273,   55900,  586035,    6445,  546599,  136061,   35382,  132693,   82489,   22998,   28583,   14664,    3298,  831898,  887372,   94375,   38901,   15809,    -177,   15931,     414,    7152,    1053,     749,    8926,     777,   -3162,     873,    -693,    -160,   14615,   14909,    1194,     900,  100.0,    6.0,   63.3,    0.7,   59.0,   14.7,    3.8,   14.3,    8.9,    2.5,    3.1,    1.6,    0.4,   89.8,   95.8,   10.2,    4.2,    331,     17,     12,     11,    127,     34,     43,     61,     37,     21,     31,     12,.,    264,    145,    18.0,    58.2,    28.6,    70.3,    17.3,    58.2,    27.6,    70.3,"(CONTRACTS OF EUR 125,000)",099741,CME ,099 ,F10,FutOnly
EURO FX - CHICAGO MERCANTILE EXCHANGE,260203,2026-02-03,099741,CME ,00,099 ,  910464,   56077,  570104,    6031,  539447,  135008,   34633,  123767,   81712,   26160,   27710,   15357,    3458,  817283,  872463,   93181,   38001,   -8820,   -1516,   21987,     634,  -11111,  -12020,     396,    8344,   -7350,   -4183,    -466,   -1656,      17,   -7885,   -2175,    -935,   -6645,  100.0,    6.2,   62.6,    0.7,   59.2,   14.8,    3.8,   13.6,    9.0,    2.9,    3.0,    1.7,    0.4,   89.8,   95.8,   10.2,    4.2,    331,     17,     11,     11,    127,     35,     44,     63,     34,     22,     30,     14,.,    265,    146,    17.3,    57.4,    27.9,    69.9,    16.5,    57.4,    26.8,    69.8,"(CONTRACTS OF EUR 125,000)",099741,CME ,099 ,F10,FutOnly
EURO FX - CHICAGO MERCANTILE EXCHANGE,260127,2026-01-27,099741,CME ,00,099 ,  919284,   57593,  548117,    5397,  550558,  147028,   34237,  115423,   89062,   30343,   28176,   17013,    3441,  825168,  874638,   94116,   44646,   38336,   -3501,   35751,    2047,    6604,   -5722,     552,   15350,    -775,   10157,    6335,    1103,    -383,   37161,   42730,    1175,   -4394,  100.0,    6.3,   59.6,    0.6,   59.9,   16.0,    3.7,   12.6,    9.7,    3.3,    3.1,    1.9,    0.4,   89.8,   95.1,   10.2,    4.9,    334,     15,     12,     10,    127,     32,     45,     61,     38,     22,     32,     17,      5,    267,    149,    17.1,    53.5,    27.8,    67.7,    16.4,    53.4,    26.8,    67.5,"(CONTRACTS OF EUR 125,000)",099741,CME ,099 ,F10,FutOnly
EURO FX - CHICAGO MERCANTILE EXCHANGE,260120,2026-01-20,099741,CME ,00,099 ,  880948,   61094,  512366,    3350,  543954,  152750,   33685,  100073,   89837,   20186,   21841,   15910,    3824,  788007,  831908,   92941,   49040,   -2724,    8689,  -24613,    -685,  -11163,    1749,    -615,   -3548,   11608,    3678,    -521,    1503,      80,   -4085,   -7295,    1361,    4571,  100.0,    6.9,   58.2,    0.4,   61.7,   17.3,    3.8,   11.4,   10.2,    2.3,    2.5,    1.8,    0.4,   89.4,   94.4,   10.6,    5.6,    317,     14,     11,      8,    121,     36,     43,     53,     42,     21,     24,     16,.,    242,    150,    18.2,    53.1,    29.4,    66.7,    17.5,    53.1,    28.4,    66.6,"(CONTRACTS OF EUR 125,000)",099741,CME ,099 ,F10,FutOnly
EURO FX - CHICAGO MERCANTILE EXCHANGE,260113,2026-01-13,099741,CME ,00,099 ,  883672,   52405,  536979,    4035,  555117,  151001,   34300,  103621,   78229,   16508,   22362,   14407,    3744,  792092,  839203,   91580,   44469,    1857,    7246,  -19193,     231,   11451,    6022,    1257,  -15949,    9259,     916,   -1218,    -454,     250,    4184,   -1712,   -2327,    3569,  100.0,    5.9,   60.8,    0.5,   62.8,   17.1,    3.9,   11.7,    8.9,    1.9,    2.5,    1.6,    0.4,   89.6,   95.0,   10.4,    5.0,    306,     14,     11,      9,    124,     35,     42,     48,     38,     21,     24,     12,.,    240,    141,    18.4,    54.9,    29.3,    69.0,    17.7,    54.9,    28.3,    68.8,"(CONTRACTS OF EUR 125,000)",099741,CME ,099 ,F10,FutOnly
EURO FX - CHICAGO MERCANTILE EXCHANGE,260106,2026-01-06,099741,CME ,00,099 ,  881815,   45159,  556172,    3804,  543666,  144979,   33043,  119570,   68970,   15592,   23580,   14861,    3494,  787908,  840915,   93907,   40900,   12646,    5088,    8785,     -21,    6328,    -915,      74,   -1889,     173,    2325,    -475,    -145,     -19,   11411,   10257,    1235,    2389,  100.0,    5.1,   63.1,    0.4,   61.7,   16.4,    3.7,   13.6,    7.8,    1.8,    2.7,    1.7,    0.4,   89.4,   95.4,   10.6,    4.6,    308,     13,     14,      9,    124,     34,     42,     51,     34,     26,     25,     13,.,    243,    144,    16.6,    54.9,    26.2,    69.8,    16.0,    54.9,    25.2,    69.6,"(CONTRACTS OF EUR 125,000)",099741,CME ,099 ,F10,FutOnly
AUSTRALIAN DOLLAR - CHICAGO MERCANTILE EXCHANGE,260217,2026-02-17,232741,CME ,00,232 ,  256213,   17675,  125763,    2662,   65100,   63339,    7586,  103196,   32936,    4674,    9719,    1710,       0,  210612,  238670,   45601,   17543,    9019,   -9960,   13055,      42,    5258,  -10418,    4709,    5839,     483,    1014,     -98,      50,       0,    6804,    8935,    2215,      84,  100.0,    6.9,   49.1,    1.0,   25.4,   24.7,    3.0,   40.3,   12.9,    1.8,    3.8,    0.7,    0.0,   82.2,   93.2,   17.8,    6.8,    143,      8,     11,      5,     28,     13,      7,     42,     24,     14,     12,      5,      0,     98,     71,    25.0,    62.4,    35.3,    70.3,    25.0,    62.3,    34.3,    70.0,"(CONTRACTS OF AUD 100,000)",232741,CME ,232 ,F10,FutOnly
AUSTRALIAN DOLLAR - CHICAGO MERCANTILE EXCHANGE,260210,2026-02-10,232741,CME ,00,232 ,  247194,   27635,  112708,    2620,   59842,   73757,    2877,   97357,   32453,    3660,    9817,    1660,       0,  203808,  229735,   43386,   17459,   -7046,   -6159,    4291,    2439,   -2812,   -7699,      32,   -1091,   -6586,    2296,   -3707,     210,       0,   -9002,   -5017,    1956,   -2029,  100.0,   11.2,   45.6,    1.1,   24.2,   29.8,    1.2,   39.4,   13.1,    1.5,    4.0,    0.7,    0.0,   82.4,   92.9,   17.6,    7.1,    140,      9,     11,      4,     27,     13,      7,     38,     26,     11,     12,      4,      0,     95,     67,    26.7,    61.6,    37.9,    70.2,    25.7,    61.4,    36.9,    69.9,"(CONTRACTS OF AUD 100,000)",232741,CME ,232 ,F10,FutOnly
AUSTRALIAN DOLLAR - CHICAGO MERCANTILE EXCHANGE,260203,2026-02-03,232741,CME ,00,232 ,  254240,   33794,  108417,     181,   62654,   81456,    2845,   98448,   39039,    1364,   13524,    1450,       0,  212810,  234752,   41430,   19488,    2185,   -2573,   15827,      18,   -3149,   -3696,    -118,    5469,   -9214,    -283,    2021,    -370,       0,    1385,    2164,     800,      21,  100.0,   13.3,   42.6,    0.1,   24.6,   32.0,    1.1,   38.7,   15.4,    0.5,    5.3,    0.6,    0.0,   83.7,   92.3,   16.3,    7.7,    139,      7,     12,.,     30,     11,      6,     38,     24,     11,     13,      4,      0,     96,     62,    27.1,    59.8,    38.6,    69.7,    27.1,    59.7,    38.6,    69.5,"(CONTRACTS OF AUD 100,000)",232741,CME ,232 ,F10,FutOnly
AUSTRALIAN DOLLAR - CHICAGO MERCANTILE EXCHANGE,260127,2026-01-27,232741,CME ,00,232 ,  252055,   36367,   92590,     163,   65803,   85152,    2963,   92979,   48253,    1647,   11503,    1820,       0,  211425,  232588,   40630,   19467,   21398,   -5243,   20276,    -541,    7467,   -4783,      74,   19915,    2747,     428,    1366,     630,       0,   23466,   18831,   -2068,    2567,  100.0,   14.4,   36.7,    0.1,   26.1,   33.8,    1.2,   36.9,   19.1,    0.7,    4.6,    0.7,    0.0,   83.9,   92.3,   16.1,    7.7,    144,      8,     11,.,     31,     13,      9,     41,     24,      8,     12,      4,      0,     99,     64,    27.0,    56.0,    38.0,    68.3,    27.0,    55.9,    38.0,    68.1,"(CONTRACTS OF AUD 100,000)",232741,CME ,232 ,F10,FutOnly
AUSTRALIAN DOLLAR - CHICAGO MERCANTILE EXCHANGE,260120,2026-01-20,232741,CME ,00,232 ,  230657,   41610,   72314,     704,   58336,   89935,    2889,   73064,   45506,    1219,   10137,    1190,       0,  187959,  213757,   42698,   16900,    1201,   -1428,    2213,    -147,   -1313,   -3200,   -3453,    4386,    7045,    -933,    1181,     110,       0,   -1707,    1635,    2908,    -434,  100.0,   18.0,   31.4,    0.3,   25.3,   39.0,    1.3,   31.7,   19.7,    0.5,    4.4,    0.5,    0.0,   81.5,   92.7,   18.5,    7.3,    130,      7,     10,.,     26,     13,      9,     35,     26,      6,     10,.,      0,     87,     61,    32.2,    56.3,    42.2,    67.7,    32.2,    56.1,    42.2,    67.5,"(CONTRACTS OF AUD 100,000)",232741,CME ,232 ,F10,FutOnly
AUSTRALIAN DOLLAR - CHICAGO MERCANTILE EXCHANGE,260113,2026-01-13,232741,CME ,00,232 ,  229456,   43038,   70101,     851,   59649,   93135,    6342,   68678,   38461,    2152,    8956,    1080,       0,  189666,  212122,   39790,   17334,   -1470,    1789,   -5518,     392,   -2968,    -798,     -15,     239,    5137,   -1823,     -12,     480,       0,   -2398,   -2145,     928,     675,  100.0,   18.8,   30.6,    0.4,   26.0,   40.6,    2.8,   29.9,   16.8,    0.9,    3.9,    0.5,    0.0,   82.7,   92.4,   17.3,    7.6,    122,      8,      8,.,     25,     13,      9,     37,     20,     10,      9,.,      0,     88,     56,    31.5,    59.7,    41.6,    71.2,    31.4,    59.5,    41.6,    69.4,"(CONTRACTS OF AUD 100,000)",232741,CME ,232 ,F10,FutOnly
AUSTRALIAN DOLLAR - CHICAGO MERCANTILE EXCHANGE,260106,2026-01-06,232741,CME ,00,232 ,  230926,   41249,   75619,     459,   62617,   93933,    6357,   68439,   33324,    3975,    8968,     600,       0,  192064,  214267,   38862,   16659,    7122,     864,    4238,     297,     724,    -712,     557,    1537,      93,    1868,     345,       0,       0,    6192,    6341,     930,     781,  100.0,   17.9,   32.7,    0.2,   27.1,   40.7,    2.8,   29.6,   14.4,    1.7,    3.9,    0.3,    0.0,   83.2,   92.8,   16.8,    7.2,    123,      7,     11,.,     25,     13,     11,     33,     23,      8,     10,.,      0,     85,     60,    34.7,    59.1,    44.7,    70.3,    34.7,    58.9,    44.7,    68.6,"(CONTRACTS OF AUD 100,000)",232741,CME ,232 ,F10,FutOnly
NZ DOLLAR - CHICAGO MERCANTILE EXCHANGE,260217,2026-02-17,112741,CME ,00,112 ,   73004,   39909,    4284,       0,   14819,   40971,     646,    9443,   21908,    1140,    2297,     609,       0,   68254,   69558,    4750,    3446,    1156,     178,    1765,     -30,    1704,   -1366,     100,    -870,     810,      53,      30,     -99,       0,    1165,    1233,      -9,     -77,  100.0,   54.7,    5.9,    0.0,   20.3,   56.1,    0.9,   12.9,   30.0,    1.6,    3.1,    0.8,    0.0,   93.5,   95.3,    6.5,    4.7,    104,      4,      5,      0,     20,     12,      6,     23,     31,     10,      6,.,      0,     62,     58,    56.5,    55.8,    71.4,    66.9,    56.5,    55.8,    71.3,    66.8,"(CONTRACTS OF NZD 100,000)",112741,CME ,112 ,F15,FutOnly
NZ DOLLAR - CHICAGO MERCANTILE EXCHANGE,260210,2026-02-10,112741,CME ,00,112 ,   71848,   39731,    2519,      30,   13115,   42337,     546,   10313,   21098,    1087,    2267,     708,       0,   67089,   68325,    4759,    3523,     544,   -1067,     -94,      30,    2490,    1830,      49,   -1535,   -1347,     154,    -348,     469,       0,    -227,    1091,     771,    -547,  100.0,   55.3,    3.5,    0.0,   18.3,   58.9,    0.8,   14.4,   29.4,    1.5,    3.2,    1.0,    0.0,   93.4,   95.1,    6.6,    4.9,    100,      5,      4,.,     16,     11,      4,     24,     30,      8,      6,      4,      0,     60,     53,    57.3,    58.5,    69.5,    69.9,    57.3,    58.5,    69.3,    69.5,"(CONTRACTS OF NZD 100,000)",112741,CME ,112 ,F15,FutOnly
NZ DOLLAR - CHICAGO MERCANTILE EXCHANGE,260203,2026-02-03,112741,CME ,00,112 ,   71304,   40798,    2613,       0,   10625,   40507,     497,   11848,   22445,     933,    2615,     239,       0,   67316,   67234,    3988,    4070,  -14248,  -13222,     876,       0,    1880,   -9168,    -346,   -3909,   -4970,     269,     747,    -201,       0,  -14581,  -13540,     333,    -708,  100.0,   57.2,    3.7,    0.0,   14.9,   56.8,    0.7,   16.6,   31.5,    1.3,    3.7,    0.3,    0.0,   94.4,   94.3,    5.6,    5.7,    103,      6,      4,      0,     14,     17,.,     27,     29,      6,      5,.,      0,     57,     55,    57.8,    55.4,    71.6,    68.3,    57.8,    55.4,    71.3,    68.1,"(CONTRACTS OF NZD 100,000)",112741,CME ,112 ,F15,FutOnly
NZ DOLLAR - CHICAGO MERCANTILE EXCHANGE,260127,2026-01-27,112741,CME ,00,112 ,   85552,   54020,    1737,       0,    8745,   49675,     843,   15757,   27415,     664,    1868,     440,       0,   81897,   80774,    3655,    4778,   -7109,   -3749,     810,       0,    1274,   -9895,    -985,   -3837,    2702,     223,      52,     201,       0,   -7022,   -6944,     -87,    -165,  100.0,   63.1,    2.0,    0.0,   10.2,   58.1,    1.0,   18.4,   32.0,    0.8,    2.2,    0.5,    0.0,   95.7,   94.4,    4.3,    5.6,     98,      7,.,      0,     11,     17,      4,     24,     29,      5,      4,.,      0,     51,     56,    58.7,    55.1,    75.0,    70.9,    58.7,    55.1,    74.7,    70.7,"(CONTRACTS OF NZD 100,000)",112741,CME ,112 ,F15,FutOnly
NZ DOLLAR - CHICAGO MERCANTILE EXCHANGE,260120,2026-01-20,112741,CME ,00,112 ,   92661,   57769,     927,       0,    7471,   59570,    1828,   19594,   24713,     441,    1816,     239,       0,   88919,   87718,    3742,    4943,    7450,    1225,    -801,       0,    -664,    5679,      11,    7355,    2341,    -210,      -7,       0,       0,    7710,    7020,    -260,     430,  100.0,   62.3,    1.0,    0.0,    8.1,   64.3,    2.0,   21.1,   26.7,    0.5,    2.0,    0.3,    0.0,   96.0,   94.7,    4.0,    5.3,    100,      8,.,      0,      8,     26,      4,     20,     31,      6,.,.,      0,     45,     65,    58.1,    57.4,    74.3,    70.1,    58.1,    55.8,    73.9,    68.5,"(CONTRACTS OF NZD 100,000)",112741,CME ,112 ,F15,FutOnly
NZ DOLLAR - CHICAGO MERCANTILE EXCHANGE,260113,2026-01-13,112741,CME ,00,112 ,   85211,   56544,    1728,       0,    8135,   53891,    1817,   12239,   22372,     651,    1823,     239,       0,   81209,   80698,    4002,    4513,     655,    3588,    -920,       0,    -206,    4901,   -1160,   -1563,   -2035,      35,    -432,    -213,       0,     262,     608,     393,      47,  100.0,   66.4,    2.0,    0.0,    9.5,   63.2,    2.1,   14.4,   26.3,    0.8,    2.1,    0.3,    0.0,   95.3,   94.7,    4.7,    5.3,     92,      5,      4,      0,      7,     25,      5,     19,     28,      6,.,.,      0,     42,     61,    62.2,    56.9,    79.2,    69.0,    62.2,    55.2,    79.1,    67.3,"(CONTRACTS OF NZD 100,000)",112741,CME ,112 ,F15,FutOnly
NZ DOLLAR - CHICAGO MERCANTILE EXCHANGE,260106,2026-01-06,112741,CME ,00,112 ,   84556,   52956,    2648,       0,    8341,   48990,    2977,   13802,   24407,     616,    2255,     452,       0,   80947,   80090,    3609,    4466,    5204,    -503,     207,       0,    1478,    4146,    -339,    4493,     618,     234,    -121,      64,       0,    5242,    4930,     -38,     274,  100.0,   62.6,    3.1,    0.0,    9.9,   57.9,    3.5,   16.3,   28.9,    0.7,    2.7,    0.5,    0.0,   95.7,   94.7,    4.3,    5.3,     94,      5,      4,      0,      9,     21,      4,     19,     28,      7,      5,.,      0,     45,     60,    60.4,    54.1,    74.9,    66.2,    60.4,    50.7,    74.0,    62.8,"(CONTRACTS OF NZD 100,000)",112741,CME ,112 ,F15,FutOnly
